"championId","championname","role1","role2","difficulty","number_of_summoners_playing","total_championpoints"
"157","Yasuo","Fighter","Assassin",10,1146,282052647
"81","Ezreal","Marksman","Mage",7,1262,206773062
"64","LeeSin","Fighter","Assassin",6,1028,197462209
"67","Vayne","Marksman","Assassin",8,1087,196539470
"202","Jhin","Marksman","Mage",6,1075,193552573
"236","Lucian","Marksman","Marksman",6,1147,185991970
"412","Thresh","Support","Fighter",7,810,182319012
"238","Zed","Assassin","n/a",7,798,177143163
"92","Riven","Fighter","Assassin",8,626,143070823
"145","Kaisa","Marksman","Marksman",6,890,140234565
"51","Caitlyn","Marksman","Marksman",6,926,139867719
"245","Ekko","Assassin","Fighter",8,824,120263173
"122","Darius","Fighter","Tank",2,541,113626405
"104","Graves","Marksman","Marksman",3,811,106368290
"222","Jinx","Marksman","Marksman",6,792,105074577
"99","Lux","Mage","Support",5,601,103819976
"40","Janna","Support","Mage",7,445,101667312
"119","Draven","Marksman","Marksman",8,513,100769803
"103","Ahri","Mage","Assassin",5,560,99520362
"107","Rengar","Assassin","Fighter",8,471,97652672
"121","Khazix","Assassin","n/a",6,706,95601816
"39","Irelia","Fighter","Assassin",5,714,85534664
"55","Katarina","Assassin","Mage",8,407,84679218
"24","Jax","Fighter","Assassin",5,598,81387188
"114","Fiora","Fighter","Assassin",3,567,81011172
"22","Ashe","Marksman","Mage",4,769,80943173
"267","Nami","Support","Mage",5,373,79727899
"29","Twitch","Marksman","Assassin",6,627,78938187
"117","Lulu","Support","Mage",5,460,77217282
"41","Gangplank","Fighter","n/a",9,444,76942537
"21","MissFortune","Marksman","Marksman",1,604,76598784
"141","Kayn","Fighter","Assassin",8,608,75964660
"164","Camille","Fighter","Tank",4,521,75851753
"555","Pyke","Support","Assassin",7,404,75219776
"8","Vladimir","Mage","n/a",7,521,73426975
"43","Karma","Mage","Support",5,465,71048767
"18","Tristana","Marksman","Assassin",4,675,70749763
"266","Aatrox","Fighter","Tank",4,437,67104715
"84","Akali","Assassin","n/a",7,579,67039678
"498","Xayah","Marksman","Marksman",5,588,64317014
"16","Soraka","Support","Mage",3,361,62852943
"37","Sona","Support","Mage",4,313,62192020
"7","Leblanc","Assassin","Mage",9,481,62070828
"11","MasterYi","Assassin","Fighter",4,416,62007248
"105","Fizz","Assassin","Fighter",6,400,61382176
"25","Morgana","Mage","Support",1,453,61115843
"53","Blitzcrank","Tank","Fighter",4,461,58923119
"517","Sylas","Mage","Assassin",5,532,58281731
"432","Bard","Support","Mage",9,336,57128520
"91","Talon","Assassin","n/a",7,386,56419244
"61","Orianna","Mage","Support",7,406,52075191
"79","Gragas","Fighter","Mage",5,364,50939352
"497","Rakan","Support","n/a",5,322,50294900
"112","Viktor","Mage","n/a",9,403,49030179
"134","Syndra","Mage","Support",8,384,48944589
"76","Nidalee","Assassin","Mage",8,418,48914191
"86","Garen","Fighter","Tank",5,258,46500965
"81","Ezreal","Marksman","Mage",7,787,45844866
"110","Varus","Marksman","Mage",2,417,45801519
"235","Senna","Marksman","Mage",7,474,45397832
"62","MonkeyKing","Fighter","Tank",3,265,45222330
"4","TwistedFate","Mage","n/a",9,376,44842210
"45","Veigar","Mage","n/a",7,362,44626285
"350","Yuumi","Support","Mage",2,273,44290340
"268","Azir","Mage","Marksman",9,270,44001775
"104","Graves","Marksman","Marksman",3,782,43417602
"142","Zoe","Mage","Support",5,285,43292488
"38","Kassadin","Assassin","Mage",8,364,42693179
"131","Diana","Fighter","Mage",4,389,42633923
"17","Teemo","Marksman","Assassin",6,230,42241351
"69","Cassiopeia","Mage","n/a",10,268,41826744
"64","LeeSin","Fighter","Assassin",6,710,41773009
"15","Sivir","Marksman","Marksman",4,446,41083605
"126","Jayce","Fighter","Marksman",7,298,40544333
"58","Renekton","Fighter","Tank",3,337,39245525
"203","Kindred","Marksman","Marksman",4,355,39134724
"111","Nautilus","Tank","Fighter",6,322,38959089
"236","Lucian","Marksman","Marksman",6,695,38552077
"120","Hecarim","Fighter","Tank",6,386,38380419
"35","Shaco","Assassin","n/a",9,202,37951993
"421","RekSai","Fighter","n/a",3,246,37894166
"82","Mordekaiser","Fighter","n/a",4,287,37662529
"59","JarvanIV","Tank","Fighter",5,331,37502793
"154","Zac","Tank","Fighter",8,213,37180477
"60","Elise","Mage","Fighter",9,239,37165663
"13","Ryze","Mage","Fighter",7,368,37101689
"875","Sett","Fighter","Tank",2,286,36713391
"98","Shen","Tank","n/a",4,221,36349510
"240","Kled","Fighter","Tank",7,161,35721892
"23","Tryndamere","Fighter","Assassin",5,191,35467593
"429","Kalista","Marksman","Marksman",7,358,35422520
"12","Alistar","Tank","Support",7,293,35239263
"246","Qiyana","Assassin","Fighter",8,283,35179538
"28","Evelynn","Assassin","Mage",10,255,35073004
"89","Leona","Tank","Support",4,301,34845119
"777","Yone","Assassin","Fighter",8,319,34650074
"202","Jhin","Marksman","Mage",6,632,34467644
"50","Swain","Mage","Fighter",8,226,34170037
"523","Aphelios","Marksman","Marksman",10,349,33771478
"78","Poppy","Tank","Fighter",6,159,33594505
"1","Annie","Mage","n/a",6,192,33430276
"75","Nasus","Fighter","Tank",6,281,32787090
"39","Irelia","Fighter","Assassin",5,633,32158908
"143","Zyra","Mage","Support",7,177,31998522
"201","Braum","Support","Tank",3,234,31732241
"26","Zilean","Support","Mage",6,144,31513308
"145","Kaisa","Marksman","Marksman",6,585,31480221
"157","Yasuo","Fighter","Assassin",10,564,31403210
"121","Khazix","Assassin","n/a",6,614,31170854
"147",NULL,NULL,NULL,NULL,242,30891901
"517","Sylas","Mage","Assassin",5,601,30492904
"80","Pantheon","Fighter","Assassin",4,288,30396551
"150","Gnar","Fighter","Tank",8,243,30148133
"163","Taliyah","Mage","Support",5,279,29975710
"245","Ekko","Assassin","Fighter",8,635,29679629
"64","LeeSin","Fighter","Assassin",6,384,28992182
"67","Vayne","Marksman","Assassin",8,577,28601151
"161","Velkoz","Mage","n/a",8,134,28275936
"5","XinZhao","Fighter","Assassin",2,294,28120309
"360",NULL,NULL,NULL,NULL,297,27806730
"20","Nunu","Tank","Fighter",4,172,27748752
"238","Zed","Assassin","n/a",7,574,27714017
"101","Xerath","Mage","n/a",8,227,27529233
"164","Camille","Fighter","Tank",4,489,27366323
"54","Malphite","Tank","Fighter",2,321,27117648
"412","Thresh","Support","Fighter",7,548,26733089
"14","Sion","Tank","Fighter",5,214,26441790
"81","Ezreal","Marksman","Mage",7,426,26170475
"51","Caitlyn","Marksman","Marksman",6,568,25816802
"96","KogMaw","Marksman","Mage",6,286,25801875
"114","Fiora","Fighter","Assassin",3,537,25778635
"222","Jinx","Marksman","Marksman",6,534,25678226
"3","Galio","Tank","Mage",5,272,25650321
"67","Vayne","Marksman","Assassin",8,400,25445389
"157","Yasuo","Fighter","Assassin",10,359,25256112
"92","Riven","Fighter","Assassin",8,468,24856452
"84","Akali","Assassin","n/a",7,512,24833890
"2","Olaf","Fighter","Tank",3,228,24809280
"27","Singed","Tank","Fighter",5,102,24691067
"236","Lucian","Marksman","Marksman",6,396,24665084
"516","Ornn","Tank","Fighter",5,201,24558390
"10","Kayle","Fighter","Support",7,262,24325579
"63","Brand","Mage","n/a",4,192,24204570
"107","Rengar","Assassin","Fighter",8,467,24112832
"9","Fiddlesticks","Mage","Support",9,150,24013423
"119","Draven","Marksman","Marksman",8,438,23900809
"74","Heimerdinger","Mage","Support",8,90,23836070
"104","Graves","Marksman","Marksman",3,421,23834137
"234",NULL,NULL,NULL,NULL,241,23812453
"555","Pyke","Support","Assassin",7,515,23770976
"106","Volibear","Fighter","Tank",3,224,23757775
"127","Lissandra","Mage","n/a",6,191,23721377
"77","Udyr","Fighter","Tank",7,192,23107860
"34","Anivia","Mage","Support",10,150,22889949
"24","Jax","Fighter","Assassin",5,474,22630125
"223","TahmKench","Support","Tank",5,174,22592297
"29","Twitch","Marksman","Assassin",6,542,22283531
"126","Jayce","Fighter","Marksman",7,486,22244260
"7","Leblanc","Assassin","Mage",9,472,22201664
"85","Kennen","Mage","Marksman",4,195,21877059
"266","Aatrox","Fighter","Tank",4,453,21366324
"141","Kayn","Fighter","Assassin",8,476,21327669
"120","Hecarim","Fighter","Tank",6,467,21263451
"22","Ashe","Marksman","Mage",4,530,21092151
"68","Rumble","Fighter","Mage",10,129,20655490
"238","Zed","Assassin","n/a",7,346,20403599
"79","Gragas","Fighter","Mage",5,434,20345875
"121","Khazix","Assassin","n/a",6,358,20274952
"420","Illaoi","Fighter","Tank",4,99,20247457
"76","Nidalee","Assassin","Mage",8,460,20218765
"518","Neeko","Mage","Support",5,126,20150437
"136","AurelionSol","Mage","n/a",7,83,20117334
"112","Viktor","Mage","n/a",9,463,20090033
"8","Vladimir","Mage","n/a",7,468,19912931
"58","Renekton","Fighter","Tank",3,381,19847853
"18","Tristana","Marksman","Assassin",4,497,19836778
"412","Thresh","Support","Fighter",7,372,19827741
"235","Senna","Marksman","Mage",7,466,19686369
"245","Ekko","Assassin","Fighter",8,364,19282394
"131","Diana","Fighter","Mage",4,463,19269451
"51","Caitlyn","Marksman","Marksman",6,327,19251879
"53","Blitzcrank","Tank","Fighter",4,500,19174339
"777","Yone","Assassin","Fighter",8,411,19148909
"202","Jhin","Marksman","Mage",6,344,19063313
"44","Taric","Support","Fighter",3,115,18813600
"111","Nautilus","Tank","Fighter",6,424,18492897
"105","Fizz","Assassin","Fighter",6,471,18468089
"39","Irelia","Fighter","Assassin",5,323,18454083
"41","Gangplank","Fighter","n/a",9,448,18377677
"53","Blitzcrank","Tank","Fighter",4,354,18292725
"30","Karthus","Mage","n/a",7,198,18287108
"59","JarvanIV","Tank","Fighter",5,481,18216884
"19","Warwick","Fighter","Tank",3,148,18128098
"6","Urgot","Fighter","Tank",8,118,17958775
"55","Katarina","Assassin","Mage",8,398,17844345
"113","Sejuani","Tank","Fighter",4,151,17763900
"54","Malphite","Tank","Fighter",2,473,17701221
"21","MissFortune","Marksman","Marksman",1,435,17676794
"134","Syndra","Mage","Support",8,413,17632850
"122","Darius","Fighter","Tank",2,387,17549911
"72","Skarner","Fighter","Tank",5,56,17350612
"31","Chogath","Tank","Mage",5,194,17219148
"203","Kindred","Marksman","Marksman",4,398,17208508
"105","Fizz","Assassin","Fighter",6,308,17068885
"61","Orianna","Mage","Support",7,443,16934835
"43","Karma","Mage","Support",5,392,16879709
"92","Riven","Fighter","Assassin",8,284,16839172
"254","Vi","Fighter","Assassin",4,155,16815741
"117","Lulu","Support","Mage",5,395,16591612
"103","Ahri","Mage","Assassin",5,393,16584190
"90","Malzahar","Mage","Assassin",6,126,16482516
"45","Veigar","Mage","n/a",7,437,16472515
"57","Maokai","Tank","Mage",3,151,16398563
"498","Xayah","Marksman","Marksman",5,394,16379670
"875","Sett","Fighter","Tank",2,369,16006920
"38","Kassadin","Assassin","Mage",8,398,15866478
"114","Fiora","Fighter","Assassin",3,308,15810053
"234",NULL,NULL,NULL,NULL,354,15777785
"13","Ryze","Mage","Fighter",7,407,15709381
"8","Vladimir","Mage","n/a",7,310,15703438
"24","Jax","Fighter","Assassin",5,315,15524023
"42","Corki","Marksman","Marksman",6,204,15500345
"115","Ziggs","Mage","n/a",4,172,15481116
"29","Twitch","Marksman","Assassin",6,321,15468437
"63","Brand","Mage","n/a",4,386,15398289
"15","Sivir","Marksman","Marksman",4,418,15370834
"110","Varus","Marksman","Mage",2,430,15321290
"69","Cassiopeia","Mage","n/a",10,341,15238764
"4","TwistedFate","Mage","n/a",9,412,15202648
"62","MonkeyKing","Fighter","Tank",3,392,15049476
"427","Ivern","Support","Mage",7,99,15032315
"432","Bard","Support","Mage",9,327,14992490
"48","Trundle","Fighter","Tank",5,146,14893663
"119","Draven","Marksman","Marksman",8,282,14766674
"145","Kaisa","Marksman","Marksman",6,261,14511309
"22","Ashe","Marksman","Mage",4,291,14490794
"56","Nocturne","Assassin","Fighter",4,161,14436987
"429","Kalista","Marksman","Marksman",7,372,14373127
"3","Galio","Tank","Mage",5,307,14290418
"11","MasterYi","Assassin","Fighter",4,312,14251806
"18","Tristana","Marksman","Assassin",4,308,14155333
"7","Leblanc","Assassin","Mage",9,288,14082297
"80","Pantheon","Fighter","Assassin",4,369,14081265
"103","Ahri","Mage","Assassin",5,287,14077925
"141","Kayn","Fighter","Assassin",8,265,13981848
"102","Shyvana","Fighter","Tank",4,141,13978142
"84","Akali","Assassin","n/a",7,276,13956566
"23","Tryndamere","Fighter","Assassin",5,255,13936332
"91","Talon","Assassin","n/a",7,343,13823253
"11","MasterYi","Assassin","Fighter",4,395,13715275
"17","Teemo","Marksman","Assassin",6,302,13701481
"222","Jinx","Marksman","Marksman",6,262,13670183
"96","KogMaw","Marksman","Mage",6,372,13654805
"99","Lux","Mage","Support",5,391,13563310
"59","JarvanIV","Tank","Fighter",5,272,13539657
"12","Alistar","Tank","Support",7,337,13532352
"150","Gnar","Fighter","Tank",8,320,13471619
"360",NULL,NULL,NULL,NULL,299,13450662
"41","Gangplank","Fighter","n/a",9,250,13364604
"21","MissFortune","Marksman","Marksman",1,258,13329963
"54","Malphite","Tank","Fighter",2,293,13189796
"61","Orianna","Mage","Support",7,280,13182302
"5","XinZhao","Fighter","Assassin",2,361,13155152
"523","Aphelios","Marksman","Marksman",10,298,13129225
"55","Katarina","Assassin","Mage",8,227,13128727
"246","Qiyana","Assassin","Fighter",8,303,13127538
"164","Camille","Fighter","Tank",4,248,13052909
"107","Rengar","Assassin","Fighter",8,246,13033091
"101","Xerath","Mage","n/a",8,327,12963997
"25","Morgana","Mage","Support",1,275,12961616
"40","Janna","Support","Mage",7,299,12960743
"99","Lux","Mage","Support",5,282,12922924
"122","Darius","Fighter","Tank",2,250,12798978
"2","Olaf","Fighter","Tank",3,320,12625763
"133","Quinn","Marksman","Assassin",5,89,12529772
"89","Leona","Tank","Support",4,304,12510744
"4","TwistedFate","Mage","n/a",9,273,12368724
"28","Evelynn","Assassin","Mage",10,264,12257382
"110","Varus","Marksman","Mage",2,255,12159673
"79","Gragas","Fighter","Mage",5,261,12128575
"30","Karthus","Mage","n/a",7,324,12085898
"876","Lillia","Fighter","Mage",8,140,12027249
"50","Swain","Mage","Fighter",8,296,12026988
"142","Zoe","Mage","Support",5,267,12023700
"33","Rammus","Tank","Fighter",5,65,11903690
"68","Rumble","Fighter","Mage",10,288,11866697
"126","Jayce","Fighter","Marksman",7,250,11819407
"85","Kennen","Mage","Marksman",4,294,11802518
"82","Mordekaiser","Fighter","n/a",4,321,11773219
"13","Ryze","Mage","Fighter",7,263,11658674
"163","Taliyah","Mage","Support",5,288,11587991
"60","Elise","Mage","Fighter",9,290,11578661
"117","Lulu","Support","Mage",5,205,11537625
"25","Morgana","Mage","Support",1,314,11496721
"12","Alistar","Tank","Support",7,219,11466511
"86","Garen","Fighter","Tank",5,276,11314540
"14","Sion","Tank","Fighter",5,281,11260449
"10","Kayle","Fighter","Support",7,336,11248725
"266","Aatrox","Fighter","Tank",4,207,11232887
"75","Nasus","Fighter","Tank",6,249,11217617
"131","Diana","Fighter","Mage",4,250,11217265
"268","Azir","Mage","Marksman",9,296,11190140
"120","Hecarim","Fighter","Tank",6,256,11119691
"517","Sylas","Mage","Assassin",5,229,11065787
"106","Volibear","Fighter","Tank",3,279,10959352
"45","Veigar","Mage","n/a",7,241,10914548
"36","DrMundo","Fighter","Tank",5,110,10889961
"154","Zac","Tank","Fighter",8,279,10863397
"497","Rakan","Support","n/a",5,257,10856457
"421","RekSai","Fighter","n/a",3,233,10845432
"42","Corki","Marksman","Marksman",6,317,10841706
"43","Karma","Mage","Support",5,229,10752994
"98","Shen","Tank","n/a",4,280,10718109
"111","Nautilus","Tank","Fighter",6,213,10678109
"76","Nidalee","Assassin","Mage",8,231,10631968
"38","Kassadin","Assassin","Mage",8,242,10557832
"57","Maokai","Tank","Mage",3,297,10529806
"96","KogMaw","Marksman","Mage",6,235,10524823
"112","Viktor","Mage","n/a",9,225,10510688
"75","Nasus","Fighter","Tank",6,293,10474447
"1","Annie","Mage","n/a",6,219,10403372
"9","Fiddlesticks","Mage","Support",9,135,10391813
"876","Lillia","Fighter","Mage",8,235,10373640
"235","Senna","Marksman","Mage",7,223,10241918
"15","Sivir","Marksman","Marksman",4,235,10227210
"134","Syndra","Mage","Support",8,226,10222696
"20","Nunu","Tank","Fighter",4,262,10209828
"498","Xayah","Marksman","Marksman",5,215,10188471
"40","Janna","Support","Mage",7,191,10046488
"48","Trundle","Fighter","Tank",5,259,9968207
"45","Veigar","Mage","n/a",7,596,9967481
"267","Nami","Support","Mage",5,183,9947170
"555","Pyke","Support","Assassin",7,213,9888402
"429","Kalista","Marksman","Marksman",7,212,9822846
"35","Shaco","Assassin","n/a",9,272,9788411
"32","Amumu","Tank","Mage",3,100,9788399
"221",NULL,NULL,NULL,NULL,143,9769230
"31","Chogath","Tank","Mage",5,280,9740264
"223","TahmKench","Support","Tank",5,279,9729292
"58","Renekton","Fighter","Tank",3,199,9728301
"516","Ornn","Tank","Fighter",5,218,9723811
"78","Poppy","Tank","Fighter",6,214,9665802
"240","Kled","Fighter","Tank",7,106,9628367
"60","Elise","Mage","Fighter",9,204,9524523
"115","Ziggs","Mage","n/a",4,271,9427985
"62","MonkeyKing","Fighter","Tank",3,206,9317626
"91","Talon","Assassin","n/a",7,212,9259198
"268","Azir","Mage","Marksman",9,181,9212086
"53","Blitzcrank","Tank","Fighter",4,546,9207193
"63","Brand","Mage","n/a",4,210,9189198
"90","Malzahar","Mage","Assassin",6,238,9165256
"35","Shaco","Assassin","n/a",9,186,9068049
"203","Kindred","Marksman","Marksman",4,203,9027224
"89","Leona","Tank","Support",4,209,8965880
"432","Bard","Support","Mage",9,182,8950767
"110","Varus","Marksman","Mage",2,539,8946171
"98","Shen","Tank","n/a",4,178,8922123
"42","Corki","Marksman","Marksman",6,201,8893558
"166",NULL,NULL,NULL,NULL,86,8883346
"161","Velkoz","Mage","n/a",8,229,8878062
"22","Ashe","Marksman","Mage",4,528,8820736
"555","Pyke","Support","Assassin",7,528,8807438
"10","Kayle","Fighter","Support",7,534,8778697
"80","Pantheon","Fighter","Assassin",4,533,8774840
"15","Sivir","Marksman","Marksman",4,526,8762488
"142","Zoe","Mage","Support",5,141,8753688
"4","TwistedFate","Mage","n/a",9,520,8713164
"30","Karthus","Mage","n/a",7,528,8704760
"5","XinZhao","Fighter","Assassin",2,191,8701862
"1","Annie","Mage","n/a",6,280,8681233
"350","Yuumi","Support","Mage",2,210,8676012
"54","Malphite","Tank","Fighter",2,516,8622886
"150","Gnar","Fighter","Tank",8,184,8602015
"18","Tristana","Marksman","Assassin",4,510,8567925
"16","Soraka","Support","Mage",3,263,8540105
"203","Kindred","Marksman","Marksman",4,507,8523758
"127","Lissandra","Mage","n/a",6,234,8464265
"31","Chogath","Tank","Mage",5,186,8443384
"13","Ryze","Mage","Fighter",7,505,8400775
"80","Pantheon","Fighter","Assassin",4,194,8383134
"42","Corki","Marksman","Marksman",6,505,8354161
"27","Singed","Tank","Fighter",5,160,8324563
"131","Diana","Fighter","Mage",4,496,8284406
"26","Zilean","Support","Mage",6,222,8271435
"120","Hecarim","Fighter","Tank",6,495,8264557
"24","Jax","Fighter","Assassin",5,490,8241851
"63","Brand","Mage","n/a",4,494,8240739
"38","Kassadin","Assassin","Mage",8,496,8231238
"17","Teemo","Marksman","Assassin",6,176,8205929
"83","Yorick","Fighter","Tank",6,85,8097964
"99","Lux","Mage","Support",5,488,8096912
"56","Nocturne","Assassin","Fighter",4,217,8064340
"9","Fiddlesticks","Mage","Support",9,222,8047473
"201","Braum","Support","Tank",3,210,8034988
"21","MissFortune","Marksman","Marksman",1,486,7997777
"104","Graves","Marksman","Marksman",3,472,7972999
"62","MonkeyKing","Fighter","Tank",3,478,7969257
"266","Aatrox","Fighter","Tank",4,475,7950340
"101","Xerath","Mage","n/a",8,481,7923369
"57","Maokai","Tank","Mage",3,164,7897154
"86","Garen","Fighter","Tank",5,180,7871552
"12","Alistar","Tank","Support",7,473,7863070
"245","Ekko","Assassin","Fighter",8,458,7835073
"76","Nidalee","Assassin","Mage",8,469,7831934
"96","KogMaw","Marksman","Mage",6,468,7829668
"222","Jinx","Marksman","Marksman",6,467,7816910
"43","Karma","Mage","Support",5,475,7816632
"8","Vladimir","Mage","n/a",7,468,7775777
"154","Zac","Tank","Fighter",8,166,7704316
"114","Fiora","Fighter","Assassin",3,454,7703011
"25","Morgana","Mage","Support",1,471,7692749
"59","JarvanIV","Tank","Fighter",5,464,7685143
"75","Nasus","Fighter","Tank",6,460,7664798
"1","Annie","Mage","n/a",6,465,7607031
"113","Sejuani","Tank","Fighter",4,191,7594697
"82","Mordekaiser","Fighter","n/a",4,162,7578445
"235","Senna","Marksman","Mage",7,453,7565538
"102","Shyvana","Fighter","Tank",4,222,7550714
"134","Syndra","Mage","Support",8,454,7542999
"11","MasterYi","Assassin","Fighter",4,449,7521288
"79","Gragas","Fighter","Mage",5,448,7497220
"29","Twitch","Marksman","Assassin",6,450,7485759
"17","Teemo","Marksman","Assassin",6,456,7485420
"517","Sylas","Mage","Assassin",5,446,7468845
"201","Braum","Support","Tank",3,142,7466656
"39","Irelia","Fighter","Assassin",5,447,7461534
"31","Chogath","Tank","Mage",5,452,7454617
"350","Yuumi","Support","Mage",2,107,7443716
"498","Xayah","Marksman","Marksman",5,439,7442928
"121","Khazix","Assassin","n/a",6,442,7434010
"141","Kayn","Fighter","Assassin",8,442,7424036
"10","Kayle","Fighter","Support",7,176,7405309
"61","Orianna","Mage","Support",7,441,7405054
"111","Nautilus","Tank","Fighter",6,444,7379234
"84","Akali","Assassin","n/a",7,440,7377620
"5","XinZhao","Fighter","Assassin",2,441,7355319
"48","Trundle","Fighter","Tank",5,164,7351171
"7","Leblanc","Assassin","Mage",9,437,7348955
"14","Sion","Tank","Fighter",5,156,7341144
"777","Yone","Assassin","Fighter",8,163,7324959
"105","Fizz","Assassin","Fighter",6,437,7322608
"777","Yone","Assassin","Fighter",8,436,7301116
"126","Jayce","Fighter","Marksman",7,437,7279287
"103","Ahri","Mage","Assassin",5,432,7252800
"887",NULL,NULL,NULL,NULL,98,7230702
"89","Leona","Tank","Support",4,436,7226453
"77","Udyr","Fighter","Tank",7,203,7218417
"246","Qiyana","Assassin","Fighter",8,137,7208056
"78","Poppy","Tank","Fighter",6,430,7192056
"875","Sett","Fighter","Tank",2,153,7170125
"112","Viktor","Mage","n/a",9,430,7155201
"58","Renekton","Fighter","Tank",3,427,7115598
"85","Kennen","Mage","Marksman",4,426,7105797
"234",NULL,NULL,NULL,NULL,427,7100195
"82","Mordekaiser","Fighter","n/a",4,425,7085503
"41","Gangplank","Fighter","n/a",9,417,7075724
"37","Sona","Support","Mage",4,186,7068445
"16","Soraka","Support","Mage",3,152,7065616
"101","Xerath","Mage","n/a",8,165,7045353
"86","Garen","Fighter","Tank",5,424,7038525
"51","Caitlyn","Marksman","Marksman",6,418,7010316
"91","Talon","Assassin","n/a",7,421,6989793
"28","Evelynn","Assassin","Mage",10,152,6982895
"3","Galio","Tank","Mage",5,417,6966932
"254","Vi","Fighter","Assassin",4,201,6953241
"50","Swain","Mage","Fighter",8,160,6907181
"81","Ezreal","Marksman","Mage",7,402,6894417
"30","Karthus","Mage","n/a",7,778,6856132
"429","Kalista","Marksman","Marksman",7,408,6845339
"164","Camille","Fighter","Tank",4,406,6814035
"421","RekSai","Fighter","n/a",3,147,6801407
"20","Nunu","Tank","Fighter",4,417,6795120
"69","Cassiopeia","Mage","n/a",10,160,6787474
"23","Tryndamere","Fighter","Assassin",5,407,6766171
"69","Cassiopeia","Mage","n/a",10,407,6744709
"34","Anivia","Mage","Support",10,164,6743000
"32","Amumu","Tank","Mage",3,142,6725495
"32","Amumu","Tank","Mage",3,764,6675484
"497","Rakan","Support","n/a",5,150,6656536
"10","Kayle","Fighter","Support",7,745,6655938
"57","Maokai","Tank","Mage",3,406,6635761
"875","Sett","Fighter","Tank",2,401,6631393
"236","Lucian","Marksman","Marksman",6,393,6617360
"9","Fiddlesticks","Mage","Support",9,401,6586812
"127","Lissandra","Mage","n/a",6,398,6568761
"37","Sona","Support","Mage",4,125,6568660
"2","Olaf","Fighter","Tank",3,394,6564459
"254","Vi","Fighter","Assassin",4,165,6555968
"3","Galio","Tank","Mage",5,169,6549417
"163","Taliyah","Mage","Support",5,395,6548587
"202","Jhin","Marksman","Mage",6,393,6544675
"223","TahmKench","Support","Tank",5,141,6494361
"55","Katarina","Assassin","Mage",8,387,6494247
"115","Ziggs","Mage","n/a",4,392,6474885
"32","Amumu","Tank","Mage",3,391,6464420
"267","Nami","Support","Mage",5,123,6413825
"102","Shyvana","Fighter","Tank",4,392,6386939
"145","Kaisa","Marksman","Marksman",6,381,6385458
"32","Amumu","Tank","Mage",3,209,6380945
"238","Zed","Assassin","n/a",7,381,6374007
"106","Volibear","Fighter","Tank",3,143,6350460
"28","Evelynn","Assassin","Mage",10,390,6334731
"48","Trundle","Fighter","Tank",5,384,6328769
"9","Fiddlesticks","Mage","Support",9,720,6325153
"50","Swain","Mage","Fighter",8,383,6304449
"16","Soraka","Support","Mage",3,382,6299701
"117","Lulu","Support","Mage",5,381,6292138
"78","Poppy","Tank","Fighter",6,143,6287291
"56","Nocturne","Assassin","Fighter",4,381,6287129
"85","Kennen","Mage","Marksman",4,142,6265794
"80","Pantheon","Fighter","Assassin",4,691,6241569
"36","DrMundo","Fighter","Tank",5,701,6216595
"36","DrMundo","Fighter","Tank",5,376,6190044
"115","Ziggs","Mage","n/a",4,164,6188845
"150","Gnar","Fighter","Tank",8,371,6175378
"14","Sion","Tank","Fighter",5,377,6160805
"82","Mordekaiser","Fighter","n/a",4,675,6153466
"234",NULL,NULL,NULL,NULL,144,6142996
"101","Xerath","Mage","n/a",8,690,6132640
"432","Bard","Support","Mage",9,367,6122287
"115","Ziggs","Mage","n/a",4,686,6110646
"268","Azir","Mage","Marksman",9,368,6103640
"64","LeeSin","Fighter","Assassin",6,362,6091417
"15","Sivir","Marksman","Marksman",4,681,6082896
"54","Malphite","Tank","Fighter",2,666,6072288
"23","Tryndamere","Fighter","Assassin",5,142,6072118
"45","Veigar","Mage","n/a",7,670,6057009
"16","Soraka","Support","Mage",3,680,6053119
"122","Darius","Fighter","Tank",2,361,6052839
"67","Vayne","Marksman","Assassin",8,356,6049399
"42","Corki","Marksman","Marksman",6,673,6030717
"6","Urgot","Fighter","Tank",8,139,6026027
"30","Karthus","Mage","n/a",7,153,6024006
"142","Zoe","Mage","Support",5,357,6009698
"102","Shyvana","Fighter","Tank",4,152,6001311
"107","Rengar","Assassin","Fighter",8,357,5993106
"516","Ornn","Tank","Fighter",5,368,5987521
"56","Nocturne","Assassin","Fighter",4,148,5954881
"63","Brand","Mage","n/a",4,663,5946695
"518","Neeko","Mage","Support",5,129,5934275
"20","Nunu","Tank","Fighter",4,673,5928405
"154","Zac","Tank","Fighter",8,356,5926679
"360",NULL,NULL,NULL,NULL,143,5923539
"119","Draven","Marksman","Marksman",8,355,5921462
"98","Shen","Tank","n/a",4,354,5913502
"106","Volibear","Fighter","Tank",3,362,5902752
"254","Vi","Fighter","Assassin",4,351,5878599
"777","Yone","Assassin","Fighter",8,651,5874282
"1","Annie","Mage","n/a",6,655,5870119
"221",NULL,NULL,NULL,NULL,160,5847612
"22","Ashe","Marksman","Mage",4,649,5827105
"25","Morgana","Mage","Support",1,655,5810554
"147",NULL,NULL,NULL,NULL,161,5790497
"523","Aphelios","Marksman","Marksman",10,140,5756216
"90","Malzahar","Mage","Assassin",6,129,5749768
"163","Taliyah","Mage","Support",5,141,5741712
"36","DrMundo","Fighter","Tank",5,177,5736207
"103","Ahri","Mage","Assassin",5,635,5730313
"3","Galio","Tank","Mage",5,632,5728208
"38","Kassadin","Assassin","Mage",8,640,5698374
"92","Riven","Fighter","Assassin",8,342,5696876
"412","Thresh","Support","Fighter",7,344,5693244
"86","Garen","Fighter","Tank",5,634,5688944
"887",NULL,NULL,NULL,NULL,149,5688781
"31","Chogath","Tank","Mage",5,640,5646495
"4","TwistedFate","Mage","n/a",9,629,5644720
"62","MonkeyKing","Fighter","Tank",3,629,5635605
"360",NULL,NULL,NULL,NULL,339,5630540
"75","Nasus","Fighter","Tank",6,623,5627380
"40","Janna","Support","Mage",7,340,5623103
"19","Warwick","Fighter","Tank",3,174,5591181
"102","Shyvana","Fighter","Tank",4,633,5585450
"143","Zyra","Mage","Support",7,152,5583088
"876","Lillia","Fighter","Mage",8,342,5580490
"157","Yasuo","Fighter","Assassin",10,333,5578106
"497","Rakan","Support","n/a",5,336,5566832
"110","Varus","Marksman","Mage",2,615,5565774
"60","Elise","Mage","Fighter",9,334,5556125
"234",NULL,NULL,NULL,NULL,612,5556002
"85","Kennen","Mage","Marksman",4,627,5552568
"99","Lux","Mage","Support",5,622,5538146
"18","Tristana","Marksman","Assassin",4,616,5534734
"35","Shaco","Assassin","n/a",9,336,5518697
"127","Lissandra","Mage","n/a",6,128,5514576
"133","Quinn","Marksman","Assassin",5,171,5511344
"17","Teemo","Marksman","Assassin",6,632,5510612
"5","XinZhao","Fighter","Assassin",2,611,5509032
"203","Kindred","Marksman","Marksman",4,605,5498994
"223","TahmKench","Support","Tank",5,335,5494853
"421","RekSai","Fighter","n/a",3,333,5490949
"78","Poppy","Tank","Fighter",6,619,5486967
"13","Ryze","Mage","Fighter",7,610,5485001
"23","Tryndamere","Fighter","Assassin",5,611,5478398
"68","Rumble","Fighter","Mage",10,332,5477887
"131","Diana","Fighter","Mage",4,605,5474514
"68","Rumble","Fighter","Mage",10,124,5467505
"69","Cassiopeia","Mage","n/a",10,615,5465362
"246","Qiyana","Assassin","Fighter",8,330,5461716
"89","Leona","Tank","Support",4,612,5451934
"29","Twitch","Marksman","Assassin",6,608,5413128
"74","Heimerdinger","Mage","Support",8,132,5399854
"106","Volibear","Fighter","Tank",3,608,5396544
"111","Nautilus","Tank","Fighter",6,604,5387420
"53","Blitzcrank","Tank","Fighter",4,596,5369749
"90","Malzahar","Mage","Assassin",6,322,5361319
"76","Nidalee","Assassin","Mage",8,593,5350185
"19","Warwick","Fighter","Tank",3,135,5346614
"28","Evelynn","Assassin","Mage",10,599,5339591
"161","Velkoz","Mage","n/a",8,598,5339526
"254","Vi","Fighter","Assassin",4,596,5324668
"21","MissFortune","Marksman","Marksman",1,595,5315973
"12","Alistar","Tank","Support",7,604,5305185
"34","Anivia","Mage","Support",10,327,5300424
"161","Velkoz","Mage","n/a",8,113,5296938
"223","TahmKench","Support","Tank",5,593,5273156
"43","Karma","Mage","Support",5,588,5237750
"84","Akali","Assassin","n/a",7,579,5202868
"20","Nunu","Tank","Fighter",4,135,5200770
"127","Lissandra","Mage","n/a",6,580,5191211
"134","Syndra","Mage","Support",8,578,5190121
"555","Pyke","Support","Assassin",7,572,5188851
"59","JarvanIV","Tank","Fighter",5,573,5178754
"7","Leblanc","Assassin","Mage",9,575,5173724
"163","Taliyah","Mage","Support",5,578,5171955
"19","Warwick","Fighter","Tank",3,587,5164520
"68","Rumble","Fighter","Mage",10,574,5153159
"876","Lillia","Fighter","Mage",8,577,5122932
"56","Nocturne","Assassin","Fighter",4,584,5120499
"201","Braum","Support","Tank",3,309,5111215
"48","Trundle","Fighter","Tank",5,575,5104468
"57","Maokai","Tank","Mage",3,567,5091061
"2","Olaf","Fighter","Tank",3,576,5088357
"50","Swain","Mage","Fighter",8,564,5087646
"498","Xayah","Marksman","Marksman",5,564,5079577
"120","Hecarim","Fighter","Tank",6,572,5077452
"711",NULL,NULL,NULL,NULL,76,5075516
"37","Sona","Support","Mage",4,308,5073775
"77","Udyr","Fighter","Tank",7,121,5059733
"126","Jayce","Fighter","Marksman",7,566,5052288
"26","Zilean","Support","Mage",6,311,5050662
"96","KogMaw","Marksman","Mage",6,560,5041554
"14","Sion","Tank","Fighter",5,564,5038153
"91","Talon","Assassin","n/a",7,565,5020062
"161","Velkoz","Mage","n/a",8,304,5005101
"11","MasterYi","Assassin","Fighter",4,564,5004554
"2","Olaf","Fighter","Tank",3,124,5002543
"517","Sylas","Mage","Assassin",5,543,4968326
"875","Sett","Fighter","Tank",2,547,4962259
"79","Gragas","Fighter","Mage",5,553,4962166
"516","Ornn","Tank","Fighter",5,122,4960561
"166",NULL,NULL,NULL,NULL,117,4955046
"33","Rammus","Tank","Fighter",5,301,4947585
"19","Warwick","Fighter","Tank",3,300,4926919
"235","Senna","Marksman","Mage",7,552,4923882
"888",NULL,NULL,NULL,NULL,70,4910272
"112","Viktor","Mage","n/a",9,547,4900648
"133","Quinn","Marksman","Assassin",5,300,4897047
"222","Jinx","Marksman","Marksman",6,541,4889724
"147",NULL,NULL,NULL,NULL,103,4851759
"523","Aphelios","Marksman","Marksman",10,289,4851285
"117","Lulu","Support","Mage",5,554,4849707
"26","Zilean","Support","Mage",6,558,4837181
"98","Shen","Tank","n/a",4,537,4834502
"35","Shaco","Assassin","n/a",9,539,4825239
"526",NULL,NULL,NULL,NULL,52,4815995
"154","Zac","Tank","Fighter",8,542,4811557
"24","Jax","Fighter","Assassin",5,536,4810199
"61","Orianna","Mage","Support",7,530,4783772
"27","Singed","Tank","Fighter",5,290,4776460
"33","Rammus","Tank","Fighter",5,533,4751045
"8","Vladimir","Mage","n/a",7,522,4747362
"429","Kalista","Marksman","Marksman",7,526,4716175
"37","Sona","Support","Mage",4,534,4711283
"350","Yuumi","Support","Mage",2,539,4701166
"266","Aatrox","Fighter","Tank",4,528,4697859
"74","Heimerdinger","Mage","Support",8,288,4681589
"133","Quinn","Marksman","Assassin",5,525,4679080
"77","Udyr","Fighter","Tank",7,282,4646497
"141","Kayn","Fighter","Assassin",8,508,4625672
"39","Irelia","Fighter","Assassin",5,508,4619944
"74","Heimerdinger","Mage","Support",8,538,4616322
"60","Elise","Mage","Fighter",9,512,4606875
"122","Darius","Fighter","Tank",2,516,4604611
"34","Anivia","Mage","Support",10,102,4583700
"41","Gangplank","Fighter","n/a",9,505,4568554
"150","Gnar","Fighter","Tank",8,508,4553755
"55","Katarina","Assassin","Mage",8,516,4521751
"113","Sejuani","Tank","Fighter",4,273,4518861
"360",NULL,NULL,NULL,NULL,510,4517518
"90","Malzahar","Mage","Assassin",6,511,4517383
"58","Renekton","Fighter","Tank",3,499,4514098
"432","Bard","Support","Mage",9,503,4500201
"427","Ivern","Support","Mage",7,124,4488006
"268","Azir","Mage","Marksman",9,496,4477442
"887",NULL,NULL,NULL,NULL,516,4472521
"420","Illaoi","Fighter","Tank",4,122,4468734
"27","Singed","Tank","Fighter",5,505,4466185
"77","Udyr","Fighter","Tank",7,498,4460951
"6","Urgot","Fighter","Tank",8,500,4459340
"113","Sejuani","Tank","Fighter",4,110,4456358
"105","Fizz","Assassin","Fighter",6,494,4456008
"40","Janna","Support","Mage",7,503,4443234
"27","Singed","Tank","Fighter",5,77,4431315
"34","Anivia","Mage","Support",10,503,4424139
"33","Rammus","Tank","Fighter",5,147,4398124
"114","Fiora","Fighter","Assassin",3,491,4380913
"119","Draven","Marksman","Marksman",8,495,4368240
"246","Qiyana","Assassin","Fighter",8,483,4367228
"523","Aphelios","Marksman","Marksman",10,484,4339221
"104","Graves","Marksman","Marksman",3,481,4333718
"145","Kaisa","Marksman","Marksman",6,474,4314567
"516","Ornn","Tank","Fighter",5,481,4294532
"113","Sejuani","Tank","Fighter",4,477,4293546
"121","Khazix","Assassin","n/a",6,472,4270979
"143","Zyra","Mage","Support",7,81,4234490
"51","Caitlyn","Marksman","Marksman",6,467,4220789
"36","DrMundo","Fighter","Tank",5,102,4212259
"497","Rakan","Support","n/a",5,470,4192461
"67","Vayne","Marksman","Assassin",8,466,4183067
"421","RekSai","Fighter","n/a",3,468,4174777
"92","Riven","Fighter","Assassin",8,468,4155006
"201","Braum","Support","Tank",3,465,4138497
"350","Yuumi","Support","Mage",2,251,4137180
"26","Zilean","Support","Mage",6,97,4122413
"887",NULL,NULL,NULL,NULL,253,4109067
"44","Taric","Support","Fighter",3,120,4090371
"164","Camille","Fighter","Tank",4,448,4031324
"267","Nami","Support","Mage",5,242,4019548
"236","Lucian","Marksman","Marksman",6,446,4016858
"240","Kled","Fighter","Tank",7,91,4016719
"202","Jhin","Marksman","Mage",6,449,4016532
"142","Zoe","Mage","Support",5,457,4007710
"221",NULL,NULL,NULL,NULL,239,4006581
"245","Ekko","Assassin","Fighter",8,428,3940604
"238","Zed","Assassin","n/a",7,425,3854727
"412","Thresh","Support","Fighter",7,421,3827097
"518","Neeko","Mage","Support",5,435,3812730
"267","Nami","Support","Mage",5,432,3777424
"81","Ezreal","Marksman","Mage",7,412,3777136
"147",NULL,NULL,NULL,NULL,229,3765513
"136","AurelionSol","Mage","n/a",7,231,3757737
"420","Illaoi","Fighter","Tank",4,432,3745585
"147",NULL,NULL,NULL,NULL,424,3738460
"44","Taric","Support","Fighter",3,421,3712391
"32","Amumu","Tank","Mage",3,1031,3710624
"518","Neeko","Mage","Support",5,87,3709700
"518","Neeko","Mage","Support",5,225,3705128
"427","Ivern","Support","Mage",7,417,3696788
"107","Rengar","Assassin","Fighter",8,416,3692904
"83","Yorick","Fighter","Tank",6,88,3691564
"64","LeeSin","Fighter","Assassin",6,398,3565219
"44","Taric","Support","Fighter",3,217,3555771
"6","Urgot","Fighter","Tank",8,219,3549991
"44","Taric","Support","Fighter",3,78,3514959
"221",NULL,NULL,NULL,NULL,398,3509980
"78","Poppy","Tank","Fighter",6,961,3464189
"33","Rammus","Tank","Fighter",5,84,3457079
"240","Kled","Fighter","Tank",7,401,3444778
"420","Illaoi","Fighter","Tank",4,213,3438879
"16","Soraka","Support","Mage",3,953,3414571
"30","Karthus","Mage","n/a",7,919,3399756
"74","Heimerdinger","Mage","Support",8,936,3385102
"36","DrMundo","Fighter","Tank",5,933,3355600
"136","AurelionSol","Mage","n/a",7,389,3330873
"1","Annie","Mage","n/a",6,923,3323309
"427","Ivern","Support","Mage",7,199,3312587
"10","Kayle","Fighter","Support",7,905,3286809
"20","Nunu","Tank","Fighter",4,913,3271908
"6","Urgot","Fighter","Tank",8,75,3256953
"9","Fiddlesticks","Mage","Support",9,885,3245448
"74","Heimerdinger","Mage","Support",8,76,3237421
"86","Garen","Fighter","Tank",5,886,3232435
"711",NULL,NULL,NULL,NULL,95,3230991
"27","Singed","Tank","Fighter",5,924,3225572
"26","Zilean","Support","Mage",6,890,3208552
"240","Kled","Fighter","Tank",7,196,3205206
"23","Tryndamere","Fighter","Assassin",5,873,3137241
"157","Yasuo","Fighter","Assassin",10,349,3125940
"34","Anivia","Mage","Support",10,877,3125626
"876","Lillia","Fighter","Mage",8,78,3124998
"427","Ivern","Support","Mage",7,73,3121069
"420","Illaoi","Fighter","Tank",4,75,3109425
"15","Sivir","Marksman","Marksman",4,843,3069690
"33","Rammus","Tank","Fighter",5,856,3067214
"166",NULL,NULL,NULL,NULL,351,3063489
"143","Zyra","Mage","Support",7,354,3048365
"876","Lillia","Fighter","Mage",8,855,3037561
"166",NULL,NULL,NULL,NULL,183,3028484
"102","Shyvana","Fighter","Tank",4,823,3025811
"2","Olaf","Fighter","Tank",3,829,3017113
"56","Nocturne","Assassin","Fighter",4,826,3011454
"62","MonkeyKing","Fighter","Tank",3,819,3011049
"31","Chogath","Tank","Mage",5,821,3007086
"161","Velkoz","Mage","n/a",8,844,2994648
"350","Yuumi","Support","Mage",2,852,2991726
"888",NULL,NULL,NULL,NULL,90,2977975
"72","Skarner","Fighter","Tank",5,349,2972083
"115","Ziggs","Mage","n/a",4,827,2969222
"711",NULL,NULL,NULL,NULL,347,2965315
"37","Sona","Support","Mage",4,849,2943673
"68","Rumble","Fighter","Mage",10,810,2940842
"28","Evelynn","Assassin","Mage",10,818,2940446
"5","XinZhao","Fighter","Assassin",2,787,2936542
"19","Warwick","Fighter","Tank",3,833,2931049
"234",NULL,NULL,NULL,NULL,795,2923393
"526",NULL,NULL,NULL,NULL,72,2910072
"82","Mordekaiser","Fighter","n/a",4,791,2904041
"14","Sion","Tank","Fighter",5,803,2899290
"57","Maokai","Tank","Mage",3,797,2886858
"133","Quinn","Marksman","Assassin",5,816,2880991
"25","Morgana","Mage","Support",1,792,2875593
"101","Xerath","Mage","n/a",8,770,2874423
"127","Lissandra","Mage","n/a",6,788,2864955
"887",NULL,NULL,NULL,NULL,818,2857911
"63","Brand","Mage","n/a",4,802,2854800
"17","Teemo","Marksman","Assassin",6,784,2852365
"711",NULL,NULL,NULL,NULL,174,2844545
"6","Urgot","Fighter","Tank",8,811,2838619
"43","Karma","Mage","Support",5,765,2831095
"89","Leona","Tank","Support",4,782,2829959
"13","Ryze","Mage","Fighter",7,767,2824136
"42","Corki","Marksman","Marksman",6,754,2821403
"44","Taric","Support","Fighter",3,807,2816071
"40","Janna","Support","Mage",7,778,2805293
"136","AurelionSol","Mage","n/a",7,75,2801510
"72","Skarner","Fighter","Tank",5,88,2789575
"45","Veigar","Mage","n/a",7,767,2779581
"254","Vi","Fighter","Assassin",4,769,2773047
"12","Alistar","Tank","Support",7,750,2772179
"143","Zyra","Mage","Support",7,168,2755811
"117","Lulu","Support","Mage",5,754,2745053
"11","MasterYi","Assassin","Fighter",4,749,2741281
"54","Malphite","Tank","Fighter",2,767,2740277
"4","TwistedFate","Mage","n/a",9,753,2739737
"518","Neeko","Mage","Support",5,766,2723330
"111","Nautilus","Tank","Fighter",6,749,2722961
"48","Trundle","Fighter","Tank",5,746,2705786
"136","AurelionSol","Mage","n/a",7,781,2697364
"69","Cassiopeia","Mage","n/a",10,745,2697289
"420","Illaoi","Fighter","Tank",4,762,2692592
"85","Kennen","Mage","Marksman",4,743,2683444
"133","Quinn","Marksman","Assassin",5,63,2676478
"201","Braum","Support","Tank",3,731,2671886
"80","Pantheon","Fighter","Assassin",4,736,2669445
"223","TahmKench","Support","Tank",5,741,2667392
"72","Skarner","Fighter","Tank",5,162,2660574
"106","Volibear","Fighter","Tank",3,740,2658639
"90","Malzahar","Mage","Assassin",6,733,2651058
"22","Ashe","Marksman","Mage",4,727,2650813
"777","Yone","Assassin","Fighter",8,723,2646479
"21","MissFortune","Marksman","Marksman",1,739,2639891
"99","Lux","Mage","Support",5,712,2637487
"96","KogMaw","Marksman","Mage",6,727,2636039
"50","Swain","Mage","Fighter",8,733,2625620
"163","Taliyah","Mage","Support",5,735,2617164
"147",NULL,NULL,NULL,NULL,745,2616284
"3","Galio","Tank","Mage",5,715,2592171
"35","Shaco","Assassin","n/a",9,722,2577150
"113","Sejuani","Tank","Fighter",4,716,2572838
"267","Nami","Support","Mage",5,728,2567619
"79","Gragas","Fighter","Mage",5,704,2567582
"98","Shen","Tank","n/a",4,702,2563931
"75","Nasus","Fighter","Tank",6,705,2554263
"126","Jayce","Fighter","Marksman",7,693,2547112
"711",NULL,NULL,NULL,NULL,740,2542001
"516","Ornn","Tank","Fighter",5,712,2541961
"58","Renekton","Fighter","Tank",3,688,2527837
"76","Nidalee","Assassin","Mage",8,686,2521375
"427","Ivern","Support","Mage",7,713,2519450
"55","Katarina","Assassin","Mage",8,707,2509597
"555","Pyke","Support","Assassin",7,691,2509435
"150","Gnar","Fighter","Tank",8,696,2508527
"91","Talon","Assassin","n/a",7,663,2502398
"429","Kalista","Marksman","Marksman",7,688,2494125
"143","Zyra","Mage","Support",7,714,2493782
"432","Bard","Support","Mage",9,689,2490544
"77","Udyr","Fighter","Tank",7,691,2470664
"103","Ahri","Mage","Assassin",5,673,2468127
"131","Diana","Fighter","Mage",4,680,2467288
"154","Zac","Tank","Fighter",8,702,2457003
"59","JarvanIV","Tank","Fighter",5,668,2455834
"119","Draven","Marksman","Marksman",8,699,2449065
"60","Elise","Mage","Fighter",9,673,2446204
"142","Zoe","Mage","Support",5,689,2442581
"83","Yorick","Fighter","Tank",6,287,2440113
"268","Azir","Mage","Marksman",9,672,2429950
"266","Aatrox","Fighter","Tank",4,680,2429049
"112","Viktor","Mage","n/a",9,668,2427927
"134","Syndra","Mage","Support",8,663,2417204
"110","Varus","Marksman","Mage",2,677,2408195
"18","Tristana","Marksman","Assassin",4,675,2400369
"875","Sett","Fighter","Tank",2,671,2400335
"203","Kindred","Marksman","Marksman",4,649,2389519
"122","Darius","Fighter","Tank",2,665,2385951
"498","Xayah","Marksman","Marksman",5,655,2372299
"360",NULL,NULL,NULL,NULL,653,2359215
"221",NULL,NULL,NULL,NULL,682,2338545
"421","RekSai","Fighter","n/a",3,649,2333358
"888",NULL,NULL,NULL,NULL,139,2325511
"246","Qiyana","Assassin","Fighter",8,660,2324626
"222","Jinx","Marksman","Marksman",6,636,2322865
"72","Skarner","Fighter","Tank",5,667,2319716
"29","Twitch","Marksman","Assassin",6,633,2319280
"523","Aphelios","Marksman","Marksman",10,654,2317846
"53","Blitzcrank","Tank","Fighter",4,642,2312344
"84","Akali","Assassin","n/a",7,628,2311092
"38","Kassadin","Assassin","Mage",8,632,2310167
"92","Riven","Fighter","Assassin",8,633,2302360
"41","Gangplank","Fighter","n/a",9,627,2282599
"166",NULL,NULL,NULL,NULL,649,2273715
"235","Senna","Marksman","Mage",7,602,2238847
"61","Orianna","Mage","Support",7,615,2229467
"240","Kled","Fighter","Tank",7,640,2210445
"517","Sylas","Mage","Assassin",5,599,2208444
"105","Fizz","Assassin","Fighter",6,605,2204347
"221",NULL,NULL,NULL,NULL,59,2196323
"8","Vladimir","Mage","n/a",7,606,2188099
"83","Yorick","Fighter","Tank",6,628,2175545
"164","Camille","Fighter","Tank",4,612,2164925
"83","Yorick","Fighter","Tank",6,134,2156186
"24","Jax","Fighter","Assassin",5,586,2137863
"120","Hecarim","Fighter","Tank",6,592,2127349
"887",NULL,NULL,NULL,NULL,54,2124258
"7","Leblanc","Assassin","Mage",9,590,2113489
"526",NULL,NULL,NULL,NULL,47,2104750
"39","Irelia","Fighter","Assassin",5,579,2103677
"497","Rakan","Support","n/a",5,602,2090685
"51","Caitlyn","Marksman","Marksman",6,559,2084634
"166",NULL,NULL,NULL,NULL,48,2070178
"107","Rengar","Assassin","Fighter",8,570,2026181
"245","Ekko","Assassin","Fighter",8,559,2011932
"145","Kaisa","Marksman","Marksman",6,536,1982714
"114","Fiora","Fighter","Assassin",3,547,1960664
"141","Kayn","Fighter","Assassin",8,533,1914429
"238","Zed","Assassin","n/a",7,544,1897536
"888",NULL,NULL,NULL,NULL,210,1841410
"67","Vayne","Marksman","Assassin",8,506,1836780
"83","Yorick","Fighter","Tank",6,41,1833313
"412","Thresh","Support","Fighter",7,496,1829915
"104","Graves","Marksman","Marksman",3,508,1822362
"236","Lucian","Marksman","Marksman",6,489,1775668
"72","Skarner","Fighter","Tank",5,38,1768457
"121","Khazix","Assassin","n/a",6,489,1746381
"64","LeeSin","Fighter","Assassin",6,476,1716289
"136","AurelionSol","Mage","n/a",7,44,1696932
"157","Yasuo","Fighter","Assassin",10,459,1690341
"202","Jhin","Marksman","Mage",6,437,1558576
"526",NULL,NULL,NULL,NULL,174,1503417
"888",NULL,NULL,NULL,NULL,426,1502560
"526",NULL,NULL,NULL,NULL,91,1488182
"81","Ezreal","Marksman","Mage",7,419,1465486
"526",NULL,NULL,NULL,NULL,440,1464556
"711",NULL,NULL,NULL,NULL,37,1396419
"888",NULL,NULL,NULL,NULL,41,1378373
"895",NULL,NULL,NULL,NULL,383,1290702
"200",NULL,NULL,NULL,NULL,361,1148896
"200",NULL,NULL,NULL,NULL,27,1031519
"200",NULL,NULL,NULL,NULL,113,927883
"27","Singed","Tank","Fighter",5,1100,850575
"143","Zyra","Mage","Support",7,1067,844467
"133","Quinn","Marksman","Assassin",5,1146,841806
"161","Velkoz","Mage","n/a",8,1060,827297
"895",NULL,NULL,NULL,NULL,99,825344
"136","AurelionSol","Mage","n/a",7,1049,823099
"200",NULL,NULL,NULL,NULL,15,821592
"166",NULL,NULL,NULL,NULL,1133,819849
"44","Taric","Support","Fighter",3,1053,816549
"711",NULL,NULL,NULL,NULL,1074,803253
"221",NULL,NULL,NULL,NULL,1051,796673
"36","DrMundo","Fighter","Tank",5,976,794201
"518","Neeko","Mage","Support",5,1045,792409
"32","Amumu","Tank","Mage",3,982,781107
"83","Yorick","Fighter","Tank",6,1049,768378
"37","Sona","Support","Mage",4,979,764703
"240","Kled","Fighter","Tank",7,995,763554
"19","Warwick","Fighter","Tank",3,997,758943
"350","Yuumi","Support","Mage",2,1001,751256
"86","Garen","Fighter","Tank",5,941,742963
"72","Skarner","Fighter","Tank",5,1005,740815
"33","Rammus","Tank","Fighter",5,954,737787
"420","Illaoi","Fighter","Tank",4,942,731994
"26","Zilean","Support","Mage",6,954,731843
"887",NULL,NULL,NULL,NULL,954,727395
"427","Ivern","Support","Mage",7,1019,726515
"34","Anivia","Mage","Support",10,911,722739
"74","Heimerdinger","Mage","Support",8,952,719746
"201","Braum","Support","Tank",3,944,717000
"77","Udyr","Fighter","Tank",7,975,714750
"57","Maokai","Tank","Mage",3,907,707907
"78","Poppy","Tank","Fighter",6,945,700309
"20","Nunu","Tank","Fighter",4,920,699334
"142","Zoe","Mage","Support",5,938,697635
"31","Chogath","Tank","Mage",5,866,693539
"6","Urgot","Fighter","Tank",8,927,692565
"1","Annie","Mage","n/a",6,862,691110
"147",NULL,NULL,NULL,NULL,927,689030
"16","Soraka","Support","Mage",3,908,685500
"113","Sejuani","Tank","Fighter",4,897,679101
"267","Nami","Support","Mage",5,876,675884
"154","Zac","Tank","Fighter",8,857,673812
"23","Tryndamere","Fighter","Assassin",5,886,672630
"14","Sion","Tank","Fighter",5,866,671032
"254","Vi","Fighter","Assassin",4,860,670210
"48","Trundle","Fighter","Tank",5,836,667998
"62","MonkeyKing","Fighter","Tank",3,816,665393
"68","Rumble","Fighter","Mage",10,888,665230
"163","Taliyah","Mage","Support",5,839,658534
"30","Karthus","Mage","n/a",7,824,656109
"82","Mordekaiser","Fighter","n/a",4,823,651408
"516","Ornn","Tank","Fighter",5,867,650580
"40","Janna","Support","Mage",7,832,647288
"15","Sivir","Marksman","Marksman",4,759,644412
"63","Brand","Mage","n/a",4,802,643042
"13","Ryze","Mage","Fighter",7,825,641559
"246","Qiyana","Assassin","Fighter",8,856,639905
"876","Lillia","Fighter","Mage",8,830,639618
"119","Draven","Marksman","Marksman",8,817,638882
"106","Volibear","Fighter","Tank",3,842,637859
"11","MasterYi","Assassin","Fighter",4,838,636002
"200",NULL,NULL,NULL,NULL,959,635815
"102","Shyvana","Fighter","Tank",4,812,635550
"895",NULL,NULL,NULL,NULL,929,633824
"55","Katarina","Assassin","Mage",8,834,630704
"115","Ziggs","Mage","n/a",4,791,629324
"122","Darius","Fighter","Tank",2,796,622477
"888",NULL,NULL,NULL,NULL,910,622475
"9","Fiddlesticks","Mage","Support",9,765,621508
"266","Aatrox","Fighter","Tank",4,789,620655
"35","Shaco","Assassin","n/a",9,821,620050
"10","Kayle","Fighter","Support",7,762,618272
"89","Leona","Tank","Support",4,792,617984
"90","Malzahar","Mage","Assassin",6,825,617780
"223","TahmKench","Support","Tank",5,807,616968
"43","Karma","Mage","Support",5,753,616943
"2","Olaf","Fighter","Tank",3,762,616562
"111","Nautilus","Tank","Fighter",6,788,616388
"56","Nocturne","Assassin","Fighter",4,792,616328
"50","Swain","Mage","Fighter",8,786,615341
"59","JarvanIV","Tank","Fighter",5,783,610301
"92","Riven","Fighter","Assassin",8,779,609008
"3","Galio","Tank","Mage",5,769,608605
"150","Gnar","Fighter","Tank",8,794,606039
"127","Lissandra","Mage","n/a",6,761,605972
"45","Veigar","Mage","n/a",7,717,605699
"98","Shen","Tank","n/a",4,773,602561
"42","Corki","Marksman","Marksman",6,764,602383
"58","Renekton","Fighter","Tank",3,784,600811
"117","Lulu","Support","Mage",5,745,599156
"105","Fizz","Assassin","Fighter",6,791,598293
"268","Azir","Mage","Marksman",9,844,596804
"497","Rakan","Support","n/a",5,797,592267
"25","Morgana","Mage","Support",1,727,589800
"875","Sett","Fighter","Tank",2,769,587466
"526",NULL,NULL,NULL,NULL,860,587134
"85","Kennen","Mage","Marksman",4,752,584838
"80","Pantheon","Fighter","Assassin",4,749,584442
"110","Varus","Marksman","Mage",2,740,583337
"360",NULL,NULL,NULL,NULL,777,579290
"75","Nasus","Fighter","Tank",6,686,579058
"555","Pyke","Support","Assassin",7,767,577995
"28","Evelynn","Assassin","Mage",10,758,577327
"498","Xayah","Marksman","Marksman",5,711,572290
"76","Nidalee","Assassin","Mage",8,752,570373
"421","RekSai","Fighter","n/a",3,779,568259
"21","MissFortune","Marksman","Marksman",1,697,565495
"17","Teemo","Marksman","Assassin",6,696,564449
"103","Ahri","Mage","Assassin",5,698,562686
"7","Leblanc","Assassin","Mage",9,773,561596
"523","Aphelios","Marksman","Marksman",10,788,561207
"69","Cassiopeia","Mage","n/a",10,716,558810
"4","TwistedFate","Mage","n/a",9,711,558632
"54","Malphite","Tank","Fighter",2,698,558054
"5","XinZhao","Fighter","Assassin",2,711,550690
"777","Yone","Assassin","Fighter",8,692,550352
"91","Talon","Assassin","n/a",7,712,549729
"234",NULL,NULL,NULL,NULL,725,544168
"41","Gangplank","Fighter","n/a",9,703,543326
"203","Kindred","Marksman","Marksman",4,688,542750
"79","Gragas","Fighter","Mage",5,715,542221
"60","Elise","Mage","Fighter",9,707,542172
"429","Kalista","Marksman","Marksman",7,725,542133
"200",NULL,NULL,NULL,NULL,33,539526
"126","Jayce","Fighter","Marksman",7,707,539078
"432","Bard","Support","Mage",9,745,535633
"84","Akali","Assassin","n/a",7,681,534023
"24","Jax","Fighter","Assassin",5,683,530610
"8","Vladimir","Mage","n/a",7,713,530004
"96","KogMaw","Marksman","Mage",6,653,528694
"107","Rengar","Assassin","Fighter",8,696,526876
"12","Alistar","Tank","Support",7,670,525659
"99","Lux","Mage","Support",5,646,525391
"101","Xerath","Mage","n/a",8,655,521037
"112","Viktor","Mage","n/a",9,675,520210
"114","Fiora","Fighter","Assassin",3,675,517086
"238","Zed","Assassin","n/a",7,666,516720
"29","Twitch","Marksman","Assassin",6,627,503395
"412","Thresh","Support","Fighter",7,650,497773
"61","Orianna","Mage","Support",7,622,487192
"18","Tristana","Marksman","Assassin",4,605,480440
"38","Kassadin","Assassin","Mage",8,614,478000
"222","Jinx","Marksman","Marksman",6,596,474373
"134","Syndra","Mage","Support",8,625,474105
"235","Senna","Marksman","Mage",7,597,473531
"120","Hecarim","Fighter","Tank",6,626,470620
"141","Kayn","Fighter","Assassin",8,600,463679
"131","Diana","Fighter","Mage",4,613,463542
"51","Caitlyn","Marksman","Marksman",6,580,462114
"22","Ashe","Marksman","Mage",4,570,461526
"164","Camille","Fighter","Tank",4,618,447071
"67","Vayne","Marksman","Assassin",8,531,446960
"202","Jhin","Marksman","Mage",6,542,444693
"64","LeeSin","Fighter","Assassin",6,536,442432
"53","Blitzcrank","Tank","Fighter",4,582,442100
"517","Sylas","Mage","Assassin",5,577,441523
"245","Ekko","Assassin","Fighter",8,572,440763
"121","Khazix","Assassin","n/a",6,575,426252
"39","Irelia","Fighter","Assassin",5,548,405327
"104","Graves","Marksman","Marksman",3,481,403126
"145","Kaisa","Marksman","Marksman",6,481,385318
"157","Yasuo","Fighter","Assassin",10,486,374759
"236","Lucian","Marksman","Marksman",6,445,369465
"895",NULL,NULL,NULL,NULL,22,361764
"81","Ezreal","Marksman","Mage",7,370,317073
"200",NULL,NULL,NULL,NULL,7,239986
"895",NULL,NULL,NULL,NULL,5,216888
"895",NULL,NULL,NULL,NULL,5,152541
"895",NULL,NULL,NULL,NULL,1,26341
