summonerId,summonerName,leaguePoints,rank,wins,losses,veteran,inactive,freshBlood
nQmCxdpSBab5zpzagEXPikov5SJWwsQyO_mwA4wP9gsuSFA,ye yu,580,I,291,272,FALSE,FALSE,FALSE
8SMcwpDlbMiYWUuSoXBC3lOGaJrTg5B4OrMucd1ZBF38zumZ,Kenvi,745,I,71,49,FALSE,FALSE,TRUE
s5DfOhl2rXgFgyfElaamg3Av7rddRXRWU5vblzIyqa1g86g,TrickyMagics,723,I,346,313,FALSE,FALSE,FALSE
vjKelU8TBFDwy9SKRxnpwEmxALaj1pIaMK0AeWlb-fhsV9PN,UM1 Kokushibo,535,I,152,114,FALSE,FALSE,TRUE
OgISSDM6L5eCY_FA6zbjhoXodIil66TYMU4PrxwjqqiEkGZM,Leon Edwards,640,I,453,425,TRUE,FALSE,FALSE
mMUPYJlyb0RPVQNF7pvhKye3ITpM6ea9N3e6wAqVFO3R-yE,asianknight,494,I,166,153,FALSE,FALSE,TRUE
_aIcdrncpJKyRJeaqPaRakyFTqvVCtDUcK9CEUh3LyAudok,runling run,521,I,650,594,FALSE,FALSE,FALSE
lX-p915ukuSLkb5ElJWTFnzxt2aSjgJiM6B_k7wOGjn3gbo,wardk1ng,566,I,800,748,TRUE,FALSE,FALSE
A7ejc1-JRdQkfokFieIHtJ61XRTG0kqfpNtxjQpr6iS8f7eEjKGvl5V41Q,teeny dong,555,I,443,406,FALSE,FALSE,FALSE
_u5bWbVh_JVNR-g_BkDOIw_1O893bF2fXV7Vmdc3-bSLr5w,Bobthebutton,505,I,174,134,FALSE,FALSE,TRUE
5yNDsTxexGrhaP-ltOerQkfzbruwlBkNF2pmaRVn7wubFOo,Archmagus,566,I,186,163,FALSE,FALSE,FALSE
A6rqZ54U8Fh0ITdm2nv8Ital4Judw9REWRqEyo4_1t9aY3OYbxuyLjSQwQ,Artorias X,799,I,961,918,FALSE,FALSE,TRUE
ucT9z8NReJEJ47PBR7Dyd75GQGo8vMtGqb3EmkQtGRcFqTw,Ginô,496,I,371,344,FALSE,FALSE,TRUE
D7TT1BoWazSQzpKZ8C0pxiXJu4-iP95i9l_nqaYqKCGxph0,Unawakened,592,I,303,288,FALSE,FALSE,TRUE
EvXHYa07eHon_GpGo4dFiMYCRdOK3StQ7dgtLq1kIsj3Udy5zYhbdQxQsg,Minami7,781,I,284,235,FALSE,FALSE,FALSE
zRhN103QI0shtOB71kBkAqtPBQzwx33es7d5rm1tTkwj6ik,Kazahana,692,I,157,137,TRUE,FALSE,FALSE
dsfG8n9EbLIvG77ZbZbLOjkgQH9gldLv-0O9LWgZoKaenfk9RNldZ6O3kg,BAZOOKAPAN,678,I,400,375,FALSE,FALSE,FALSE
R1OfU6RVjifOo1Neb6-e8Ffo8do20UCPZStW6jfFXGtIxMg,Sandflame,737,I,377,350,TRUE,FALSE,FALSE
FJEUnlE0bIw1gjylBJpyWzZwwOW9U16p99cO0wiE7fFXZPw,Ortesia,616,I,123,101,FALSE,FALSE,FALSE
HyOKgZRSt_rUKvTgvmWLXvKhQAdxARPCjQEn4qyy06KtJUvWLAZCQCxUIQ,Joseline,528,I,175,132,FALSE,FALSE,FALSE
gnfwejjgx1GxyE4ShYOcc2UJtyS0s62OKxy9RLBlprVyZHE,Topablo,487,I,681,657,FALSE,FALSE,TRUE
14p2D6pESsEN-kXj6ucBqd6-XFM1wKnnvF52DYbJ00lYuf0,Ke Ie,722,I,85,76,FALSE,FALSE,FALSE
ByCuEk7fdjho-5VRx1-CyTUNNf7jjeZ1efn-krkZ0yciI9k,Solaria,746,I,315,280,FALSE,FALSE,TRUE
NVGAFbdIWohPaF8x7yD8eMmEa19fOcNxAGSy1N0B54_scPA,raspykibbles,610,I,409,369,FALSE,FALSE,FALSE
WvkkQ2LKncJdl10Ww9NXmTc8nwe2qitzia7qNc0NC3U4H2gys8QCOX2ryA,Dimitrylol,745,I,205,169,FALSE,FALSE,TRUE
GN_kqZwfksz443RoJdti5SaRlGbSBGAA2NYqxVnkQ5J1lxk,HALAL MEAT,501,I,130,90,FALSE,FALSE,FALSE
4xxT-mTrNqsBKD2GPf8SMKadedZjqOR3a3UDum5HNrVeE1s,SOLOQ POWERHOUSE,507,I,156,133,FALSE,FALSE,TRUE
XmW9sDt9UXGe4BRtKyvsfEE7eAmBGmpV1daJ-_2IZVbfg6b5pkoW8ggo1Q,Lossom,552,I,116,92,FALSE,FALSE,FALSE
p2qyQWrvNf_rHzg3YuuYzF7bxV8pbNCKHLKi3Q1uBXJON08,gemí,554,I,344,328,FALSE,FALSE,FALSE
K4IoYXOGngbcNQKibmNYPqYhVsP3AJGvVHDGC_DaVV32Zzc,pulse,776,I,710,683,TRUE,FALSE,FALSE
7YeNEe5zrfnMtvG9Tld9rwTWRnA0swLEafXzrAkpLVBSc8k,TwTv lol Wero,477,I,157,124,TRUE,FALSE,FALSE
62CIFRY9q4hNy4GZmono8rRNBONaPe2MyljOPhupNZZFWWU,KennyNg,641,I,233,195,FALSE,FALSE,FALSE
Ts11E9UNIbRTxylZUuyfivFKEBjUmSCI1Ntp0g6GvMZ4D1uvrIxiAMOEGw,Jpete des guish,623,I,182,151,FALSE,FALSE,FALSE
BvOPVhV6zNMGah2zyO2bpRVn19_M451O31CT14aR3_itPIM,Calcifer,535,I,103,66,FALSE,FALSE,FALSE
qyfXqSou0Lnt1QGhg36azFqg2nLJvGi3VSCLtcasWyUe2Dyv,its Barlo,572,I,469,431,TRUE,FALSE,FALSE
PYR2V-_c3UP_RAJ7caB7EaKZfNZ88l9LDMQHFb2UcemBGiA,Kizeme,700,I,257,214,FALSE,FALSE,FALSE
Vf1cxjmbJ-IQETNTpE4klZ8iWPmrUE4dBX0mc43M9RNzgNQ,9BKS505,596,I,269,199,FALSE,FALSE,FALSE
CQzplgcgmOODzRhIxhzdrILtg4JeZyz7ZuQIyD1htOhIzgM,Nim Chimpsky,798,I,307,277,FALSE,FALSE,FALSE
jMKSBMe6g8dWIVaFmoRGDt-k7opOyKdXIVnarAW8AqmzqEg,Vuckae,646,I,271,247,FALSE,FALSE,FALSE
HUVlkePAGjlN0ar-ce2zrHC671Qtz8lDrH_ARwiaYvbIpBI_,Clarrisa,478,I,113,87,FALSE,FALSE,FALSE
4m2qrp4C2KrEJ8sHqu_gD1iCmBMSxLz3siXwmpdsRaPxWI4,Busio3,646,I,293,273,FALSE,FALSE,FALSE
UskmwSt2PMPAtIyCR1ESW6hvK_yNNiI5SYYtVACS-9Letp8,smebbintheshy,708,I,302,286,FALSE,FALSE,FALSE
EOxVzf-pubrcTFJVx0CrxpiWpVnGOP40sbWiVsjVa8Vba-I,Miseviv,778,I,155,135,FALSE,FALSE,TRUE
e5vKlfqbGzCX-0irIYrJjnwwCadTsJlSHxEkQvKfDpfiWEk,ilovepepsirock,816,I,229,196,FALSE,FALSE,TRUE
jBAhuwfKgeaWENUVLVhTHS-sGUijYq5_L9BXgnoVn4BMpmA,Top12,750,I,168,145,TRUE,FALSE,FALSE
ajbG4KP7rXJ33fgGjvCSaSVAclztf63N2uieK4petBECTN8,1PunchMan,500,I,247,215,FALSE,FALSE,TRUE
a6loXPP9Wys5J511ZPKGKs7_LtFyqGe0X3kJBVWwyHhiFEU,UTbest Prof Luke,670,I,179,118,TRUE,FALSE,FALSE
l1A4FPPJQGRLA82HRKwh4f6jEjpfA5hzyMAc9KVEcbHsBxA,Kind Jungle,628,I,348,327,FALSE,FALSE,FALSE
xdt-W1Kic6MFuTP-FmtazRmaqGMYQ2dDAKU7usW5AnPF7_w,w45hed,761,I,198,167,FALSE,FALSE,TRUE
JvE2-ucA-n2XGVDSoj_PNaxGFuSckFbOEKm-1bY49AZPkRQ,ttv Doglightning,660,I,222,202,TRUE,FALSE,FALSE
t4q0n6pQ7M8cPj7EWnLuuLBmyrtm091TYI2tEBdrmTu4HU4,Kitzuo,716,I,594,571,TRUE,FALSE,FALSE
Zg9XDlbhfxyMGN-N88XOkk6QKqr5LEHGWbmK1Vh7xAgIgncf,  A Frozen Titan,608,I,202,175,TRUE,FALSE,FALSE
MIKYFFjHy6gfBNCIuP_9Z3y9obgDDHX-yoFl5qbBmosMggI,Marksboy,454,I,311,296,TRUE,FALSE,FALSE
yIiPi94hZXYAPnYZpjdYDfWFL58aVcoF7pAx4HlKEenBdPI,Mârty,634,I,229,201,FALSE,FALSE,FALSE
bsX-T5OuQF2OLHEn9ibe4xJ29mMeaLNr1z8ZqaDAuZ4KFqrJ4neFUXtr1Q,R7 Oddie,550,I,188,158,FALSE,FALSE,FALSE
9Ry0KcOgkZVwZHQ1Iy_afC4yrWBcBukQznuZQrHXonVrzWWi9ABYbSAI8A,Taissight,537,I,133,100,FALSE,FALSE,FALSE
GWBv2mYdpkGUwGSuWSEjjGAPLo7pvb0V0N3riQuPbyzPi9Y,TC porsche,604,I,207,190,FALSE,FALSE,FALSE
bzx_qZYzNsEit-Q2MDcZoBxlOtEw5YNxlJFmbtWRjuQR86s,ControlMageEGirl,626,I,168,154,FALSE,FALSE,FALSE
K6WMdA0kygKo6lTJLh6iyjSl4uyJ2wxx79XhocO3zbSUOqY,SaskioLoL TTV,757,I,183,123,FALSE,FALSE,FALSE
x5rJJK8Xc0TMksFnCaarPFlbeFBrpl52YbWBsxk4yLhlb6jU_UwZZ0yVxA,waIm,721,I,70,40,FALSE,FALSE,TRUE
_PFMEQY4Oyn9Bp4Td9tls9KOU0cEtXdK-FFRn6W7ZPD2dTFZ,Týrr,651,I,312,289,FALSE,FALSE,FALSE
3feqhVO0lkxwW29ygAPJkzuXFZCalnWci-lGODbgBwKWd-A,mabigan,762,I,260,246,FALSE,FALSE,FALSE
XphgKqmsjFU38-zod0XZacfTgiZ3HB_3ZrfQY5nIdsGpUUDUL4mfte7NrQ,nalamango,781,I,258,232,FALSE,FALSE,FALSE
W7HZ-r92hQggxlAfUhMw00Q_5wZAhEgv3T-dbf1HaxI2S20,KiNG Nidhogg,683,I,532,512,TRUE,FALSE,FALSE
DNkqzbaGaM27SoEXcUFoVIR1FQd_NaSfjn8mElbSdqGwEkc,Dotix,483,I,926,901,FALSE,FALSE,TRUE
6M7vrhD2EfbBgIifLQwhJUbROKxEaKklkn7GVOoLezFeWu1s,Maruo Eiichiro,750,I,888,838,TRUE,FALSE,FALSE
dhY67D3rABi_ZIoVCa9-dzMDHetJdcZ_NLAHuNJejxoEuTs,TRAFFl,555,I,328,313,FALSE,FALSE,FALSE
yd0-Yo68DEpUX9bn8Czyok0l8UgJm0khwypKX4b8XWJNKXo,suffix,776,I,435,400,FALSE,FALSE,TRUE
a-76SpPN_om9glPvlm9e9DZtudBe-sygaScO0vdIge8kOgU,rCadeKing,581,I,682,657,TRUE,FALSE,FALSE
FIN0ucIlDoG8O1xZPHTY7tqI7LUcortypbal6tup6DGUccw,Hi Im xKito,559,I,158,128,FALSE,FALSE,FALSE
3n0a4SjDDqXZnpQUv2MFC1Ix29mDnZF8CS3ROOXaijjOHW0,hi im ashleyyy,532,I,187,128,FALSE,FALSE,FALSE
80h0bpWVe2E4zBTHtLPN078tCQTf9N9-JvBT9rrjCtHg4Rg,YoungFartBubbles,627,I,545,512,TRUE,FALSE,FALSE
KsfHYErTjaAJhNMlKYSf9KRM8qjVgNrocjQkWAPEsGLqfgI,Spunom,837,I,434,398,FALSE,FALSE,FALSE
_gorhNmcK84BUgVJr9dtKoYECbfv6Yyd7EbPD89kplIDnj0,AMT,638,I,204,160,FALSE,FALSE,FALSE
ZHyAXnh9B8ocA6ccch-BhOXKj6uzjmcAVuN9skXtYmkyAe_k1zinzeRgyQ,yisen3,488,I,194,134,FALSE,FALSE,FALSE
e7diVSiGsYJ0PMKZk18BvLJJFra80F3CFLxeTriXevk58jc,Spentcer,538,I,168,138,FALSE,FALSE,FALSE
-9WGv5nteSSjDIx5kVqCj_ZnpLbCRCuaBMj-VXtxVpTB77fC,Nghtly,481,I,378,288,FALSE,FALSE,FALSE
665z4_q1YGgHCVx2c_qH-wMh6pquLC_Cfu8TM416g0eJyzMpsVktCimhVw,DDenathor Twitch,792,I,252,200,FALSE,FALSE,FALSE
BLMpywn0RiMEF_t21O2liLQpTmwu0QYKuTRegCeZL0SYLBHS,Alicopter GAP,741,I,224,196,TRUE,FALSE,FALSE
wEY5YWVn8DZpilxIkIhPh0k2tbsNG-pqcA11hbrsoj-gr24,Leemo,704,I,328,302,TRUE,FALSE,FALSE
erKh7CF7stE_iutr5BRiL4MtftwzW8zbV5CNf8UMkRvJ6Q0,Froggen,744,I,224,197,FALSE,FALSE,FALSE
R_-Q29NPTpSdMrKIYjutB4a_uY7r1Hwz5E3Bmzmvuxr5AsU,TheBootyMasher,721,I,388,356,FALSE,FALSE,FALSE
FF8LKMKlGOrHi32aP-4p8R_ClRqUtxEVWBSsLx32l75iVyA,Draven baka,756,I,741,704,FALSE,FALSE,TRUE
4KuK6T6A6EJuJY8zhXpaBQ3VjAxVI0n8Y02YfgNxZWqt_Zs,Nerner,518,I,72,62,FALSE,FALSE,FALSE
pmzm12sHt-2FOqhHMF3YLvLlrtWyScFb4qiVOPxszYSK22o,Honor Sona Carry,654,I,418,388,FALSE,FALSE,FALSE
e27AopKzkNrBkFxWsn6RRhgC9jZC5KphhnPIbQlVtCYdiJU,Fole,633,I,297,273,FALSE,FALSE,FALSE
6lxjLolX7f3r4uNgOwH0HhGpBdPeeixDwZqUkn5qmO94tQhAx8mj9jxofg,wdl,571,I,190,145,FALSE,FALSE,TRUE
hHGEk_RXmtCUEreili_Z_MNKYxv1SHnvQVkQ-slHjITorTs,yeet yah,718,I,330,300,FALSE,FALSE,FALSE
b9jGHNUKTT6VX1s1iVZSifMkqnp8XBZeRXr7DlvYp-XNO48,Ukrainian Strife,626,I,713,675,FALSE,FALSE,FALSE
uPUjM2jlCfKiY7T-WvdMlkArdmYAUBglHhn4_uVwyMpVin0,Lopacinski,575,I,579,542,TRUE,FALSE,FALSE
3x2xVxU-71ECBt-Qggaj9I0BYKqUAfP5aMHbzOB9cpi3fVM,Fioh,559,I,545,511,TRUE,FALSE,FALSE
zFPi6s2ZOBmGF6n0jD5o84Dmante2gQNXr0MjqdBx_lYf_77,randompisslow97,493,I,583,574,FALSE,FALSE,FALSE
k1VV5dasmy5prvWs_Z3labl_2b2XyGMb_V8MYNa_hYdOBEA,The Crazy Goose,626,I,320,297,TRUE,FALSE,FALSE
lXBw-oD-6Y-IAdGl1CVhBm5Orq8X8ktTnpCzx6llKCA-E8c,Schoon,470,I,677,649,FALSE,FALSE,TRUE
aVYp55QF3o1iLqyBZ961vALWxnq-bi57jOwq1UiRGaeKl6XH,CHADSTRIDE,503,I,140,123,TRUE,FALSE,FALSE
SGNCmmFXgNkvBRvFUuB5TyI25CE_C92b3qK6YY19xQIe1n8,and it was so,737,I,277,248,FALSE,FALSE,FALSE
O9RvAWHPo3Qzt4pKBLHw-mSpRxN7XTPMI2D2R-RH-TWF8F4,Hºº,590,I,218,186,FALSE,FALSE,FALSE
zWgu4pxabo2iWcmlnUAt3tr8buhNqD2t87W6ABMsXxBJ30w,Klexo,677,I,488,450,TRUE,FALSE,FALSE
xcpuRzGZCcPBpPmnPl7bTeMjg4uEKQ7B2-we_QDJyhCUDE0,Dr Carry Potter,537,I,563,416,FALSE,FALSE,TRUE
9WCpyvBQbtJls9oxJrkCcmCzMCMdagwqyyQiIdY7PlLhstIT,QSEN,770,I,111,95,FALSE,FALSE,FALSE
U6wGHqjBuoZC5_oeAPpvjTPiJ0DubJ2Ug_YksdNy36ruU8U,TOUTOUCHE,550,I,348,324,FALSE,FALSE,FALSE
GYMSKSpXBw2Jg8uwJRdJk2nku7ZSPHCPT9HjC7Gq1tM_9Ws,Edispaghetti,612,I,185,159,FALSE,FALSE,FALSE
kHPNsO4Vh5zhG4U9XnFOFx3JcghoK5rfE9WqJ5IaslZTrf3qiBIzX7eogw,Ltapodsi,551,I,228,176,FALSE,FALSE,TRUE
e66sKVCTuagnord11AtYc-gmBO1WoaQxMRNPZIAQL5nnImYL,Bellydrum,679,I,560,525,TRUE,FALSE,FALSE
wVVyAYrLPRUwRCzs9jYYd9XjcgyBA4wzhWsbdtGbHMG6uRw,LeGrosMax,520,I,215,184,FALSE,FALSE,FALSE
0w2mBheeMQS1YLUh3Jp0_My2boQvbxAWxninat0M8hAzR4M,Berik,739,I,290,269,FALSE,FALSE,TRUE
mWQpi-BKDWzL5k8EqKANQacnMBNDw3IJigkqNEnvIhCzo7hn,Timescrollnom,746,I,129,98,TRUE,FALSE,FALSE
aNGKL57ZBG4RIlIcSEbsTlNsRUMuDpGUMny3FnqI1q1WkPA,ttv DevUnikorn,600,I,528,506,TRUE,FALSE,FALSE
Om11gJLp4_OvpOBjkfTyCwBuxvoK4uG4rJGYY7ehlo-JXh4,USC Inferno,473,I,445,423,FALSE,FALSE,TRUE
ycGJueMOPMc5B4_HTsCh_t1zND_IxP-2Rqj9UVdmYecu1OI,MrBrobo,573,I,271,252,FALSE,FALSE,FALSE
GmqU1Gd10Qf9poe1RsIfWDn_qUOGVceDGobir57M_RDbaEo,DREAMER POOP,470,I,258,187,FALSE,FALSE,FALSE
wLmvAsyL52r6SELrKzIN7-MqObzGujo4hWqOskw5KD-4AziO,shordy,554,I,376,290,FALSE,FALSE,FALSE
BwCcCjKkSoVRwyfzToOIJUcQfy-MdDuXhS13K9nWJFgjvOtW,ikeai,593,I,69,61,FALSE,FALSE,FALSE
AB6tDBYPt_4g_a3vZhL-N3PScqamOTbCsW3DMW5bNXKF18s,iybc9o2 q,452,I,774,759,FALSE,FALSE,TRUE
rHc8-4WcW6eQAFt0Nc_oAFBCS2Q9gU3De4dYexk6Xsy3pRk,MaRiTiMuS,474,I,264,254,TRUE,FALSE,FALSE
tN9-ShhKgJhJKlolDbNS7pT2GtzhphG94arv6PSbT-wtjuB6EU-cxoJk5g,shuolezaijian,482,I,121,85,FALSE,FALSE,TRUE
k_2TQbo4FslZREYhoc33mJXrfM8AB7e3icLzZdSMYCixj1Q,metalhydra273,713,I,109,84,FALSE,FALSE,FALSE
S5XFvWls09N8CGPhYC6uwa1nxpqit6I-ABxvTC-nBOb9LW2m,King Dantes,516,I,178,186,FALSE,FALSE,FALSE
xc3jE2C1AiOpR5JEI4EKA2Wsv-OOddv1QGgGHxugXxVBBUc,MushroomSteak,663,I,217,188,FALSE,FALSE,FALSE
HSO97f2sDY3CtKtSZkLOnrfWuiton7aTL5oRU5wU8e9nnMg,Diuuuuuuuuuuuuuu,746,I,253,224,FALSE,FALSE,FALSE
2UGHa_woZ9kMhrF5_RyQsHTsP7Qrc9AZjIpUOcwHsZF24IXQAywPs-8xTQ,The Pulbarizer,783,I,250,220,FALSE,FALSE,TRUE
sxthEkKriDc-KLPPOrjXbJWxFwhHucYIsELD5t6C1oHKmSI,MephistopheIes,744,I,278,257,FALSE,FALSE,FALSE
WWKcm-TDUKB-KUh7c5NJcz5qmcMiRH2RmFGnx_sQqzvuGn8, Sudzzi,800,I,209,178,FALSE,FALSE,FALSE
GwDAmtmqkTlCxHATzfFIhKN-HbvNyJxdH20nXJDY8Lzu2Vs,Swiftzzz,724,I,240,210,FALSE,FALSE,FALSE
FnNS2VWXkv_MM2e_KC8fgwGFXvE1JCCMEBdtx00Rki7m6db9co7BE6IM4w,Mofflie,589,I,107,77,FALSE,FALSE,FALSE
TPJF7xFcvv4DRggitmwhwZuJA-Rp_ygYBOvOqDX7p9SPFc72,ped0  game XDD,758,I,101,50,FALSE,FALSE,TRUE
rhFGko-Y8VmipA-MpCNE51mNqzygd778Aw0_VDucwRwyD78BYIfL5bEo4g,NebuIa,859,I,705,641,FALSE,FALSE,FALSE
htbJJ3OnY18S8NTsbaZkIdQB-KS-pe_pYWITPPjtmg_j7lA,zpy,679,I,175,150,FALSE,FALSE,FALSE
VMhiQYRpcGAGLB1UilI78SOLGwZkJQFjRiWpJxp5XINwXoGuK7VEGQd0Xw,Fanatiik4,821,I,171,142,FALSE,FALSE,FALSE
g5WFhsxQKdEfWGRx9m1YinQ0xOXc3jzrCXdj9mYKMdUb2WjauT_cN54dNw,Harmher,493,I,179,149,TRUE,FALSE,FALSE
FCKPCDhDCJXH7TuOgTUDAS_UELNXaVlCsqnmNvgoXK55HO4,Just1,533,I,188,174,FALSE,FALSE,FALSE
4zcmb_i_bmKovrW5MjUnS7Mo7I_oDeZTX168MSsdZsAljxg,Aicaid,712,I,525,488,TRUE,FALSE,FALSE
4HmMjYKwRUwoJLLbGWcuhEpzIgI6eI82Y3etVMhKaXPeZbc,Skki,485,I,198,173,FALSE,FALSE,TRUE
SRqorTkvvTgj31PB_jqdqINQ_zIAXIzuqzpa3F5Eki3TPuo,Subaru Natsuki,696,I,347,321,TRUE,FALSE,FALSE
OZj6JaZLfqbHP-1Qaj4-bn5ckXqbZq5uuuS5S-Lyv3i_7FuG0llmVcsujQ,Andromeda69,738,I,516,479,FALSE,FALSE,FALSE
1I2T6hG6w7nO9Nq31aZUVAZsF6dGg8DNMURrwzN0qlmmwdk,TheBroFist,779,I,110,70,FALSE,FALSE,FALSE
I1q3ifEbUodHBM-lBdNx0w70VMEMpf4FLGZK9cxeqBMw-UhJr09n52nIgw,Pulbarizer Fan,803,I,158,120,FALSE,FALSE,FALSE
0NPlpagw73b-5xLKNPnG65R8zprSz8uI3f9Q9dYC0XwjwvM,Can1ne,463,I,357,343,TRUE,FALSE,FALSE
HPMginlURZC-_a8IybXtUZs58nudoECY-n1gu3qv_in1avvBHJj45HtErQ,kamikakushi,582,I,186,123,FALSE,FALSE,TRUE
Dd8AD3HVS_7oyb0n3xnkmMpI88NngWam5cTIeKOCri_4-0w,Tentakai,599,I,416,396,FALSE,FALSE,FALSE
I21BdzSBJ51sRMpKXFPANrB65SIwV2kh33ndwiGyNQiWNEGa,Euluca,635,I,249,231,TRUE,FALSE,FALSE
nQZmgTCjEn9jk5yPF1oBQtiWDUcnH3lRojVOJVybaueMCyE,Stollie,485,I,251,231,FALSE,FALSE,TRUE
9oQ_zeo-ETrgi88-h9vRBtk7d9uENnaGJ6qX1N-xuk_QSd0H,EIated,706,I,392,357,TRUE,FALSE,FALSE
CiGheaRHukR4i7smQFq6pVRgvpu7ZS--cn4p2y5Ra_W8ga8,Gojo Wakana,597,I,686,651,FALSE,FALSE,FALSE
eVhUJ1mxM9hIe88IQUKMvFIEf63PHEAvMDeT9Eztjcd9Jco,Eric Wei,560,I,137,128,TRUE,FALSE,FALSE
Afjvy6K3a-ja2WcJPjicgDpnD8NyXIBwBv7SWEMDGjJZBGHry9_KuhpTtQ,coronet,791,I,248,178,FALSE,FALSE,FALSE
UmHREA-sxwMP4Yb3_YQzux7ZxW2gFwhopf1VpDdMmOj_CTg,plex123,520,I,270,237,FALSE,FALSE,TRUE
JrvZ3VJX9vsP6aMU5Cz2_a1-tnwZERcoLRjsCu1LtJkUGSs,Acoldblazeolive,738,I,84,49,FALSE,FALSE,FALSE
Ggs6yvCwarDI02m1DE39b0Rz0AqQOooqC8zWTD8SoLQsqNo,TTV SaskioLoL,686,I,203,169,FALSE,FALSE,FALSE
4tEU-EGVM6tcg6HBn25nlAjcdjPF2Jf2P81994dkJsM_hmyN,TwitchTv Cupic,648,I,58,23,FALSE,FALSE,FALSE
fdIuHDYR3VecqSy7hjaWixwP_PAsB4hdl7V5eMJwDPw9xXo,Gorhunter,512,I,226,190,FALSE,FALSE,FALSE
zzPqGsMvtXliFzgml8AnkBH3qo4InbSx2c7A1vMG9UPSnRznCN2E0YfKDg,i wont Ieash,606,I,456,426,FALSE,FALSE,TRUE
LRrUSMFbgN6JESlTGE2VnZrIfFMbvCFPIU7vIgJZDbcVaIs,Mobility,597,I,446,420,TRUE,FALSE,FALSE
e5bVgTlKakJCV6XrSKzaWQyh2HVNczAaggqo1RuZGDs1DCU,Kendy lol ,628,I,333,312,TRUE,FALSE,FALSE
8nuvLBhZqu3nhLcTIhUwJiiIAWRNnaEKXmidW08z1UHojMaxxO-mUtWrdQ,OkayMochi,538,I,116,76,FALSE,FALSE,FALSE
YaVfJ-alvrFH7xhulpp1C8Tg6XtQQSmQlpOwAmJfOIgJVZA,Antcliff,672,I,309,287,FALSE,FALSE,FALSE
Xi_fBdvCy8x1CNzARqvbrnepxlSZYXR5NB2jaLy3J6F1ggA,im risk,529,I,345,327,FALSE,FALSE,FALSE
LVqOXpmDI6BXQWZIAdy9l5ZTmKma9vgdXzg5fVBskCBCi4c,Izateylon,838,I,480,447,FALSE,FALSE,TRUE
L09xy0XRinryEzEwry7sgzOpNgOHH9KA7fiaAcEXwUE91tw,TWTV SaskioLoL,653,I,148,103,FALSE,FALSE,FALSE
jbUXhgktouA2_tindeYQO7dhR_t1rG0wyC5PuMsBC2JrRi8,TymMio,628,I,604,583,TRUE,FALSE,FALSE
nkdSGnIoQM3cLAWMx_38AguazKunvCD0TulFqAh5B_4G8iY,Intégrale,594,I,148,123,TRUE,FALSE,FALSE
k1ZuNzxmx3gxTCPQUBfVALAntxbJ9Mm7BeoXNwFH2yIlULY,Consume Adapt,595,I,149,121,FALSE,FALSE,FALSE
Gw5RD9XjRrAdrZn1_NEX3qxloBvW5j0BQosyA7KFKs4OTvI,Debraj,640,I,218,192,TRUE,FALSE,FALSE
B8iU-jbF5n0BsaUxB7n2lvUpvKEtaktq8C1nNWadjxGSyeUY,better ad,483,I,206,161,FALSE,FALSE,TRUE
FLTxVCqiAU1qjRrJtq50HE6l_13vdze5LYS_Z1I2FEHIBJ9k,Dęamon,492,I,395,369,FALSE,FALSE,TRUE
k6n-wpZP59nKkUEDMY67iP-rV7pl9iTGHriGsu2M8nKfcSU,1v9 FRAT DOUCHE,773,I,282,222,FALSE,FALSE,FALSE
GajFJpu1_uC3NGstGRGReBehgOB6btwORNo10GM2u85GyNU,no type anymore,752,I,386,317,TRUE,FALSE,FALSE
jNW9hRyHGgNTzJ7mfN1lUbBFzafP7V-me5dY1ZM_tk7lyUE,Sunbob,522,I,302,277,FALSE,FALSE,FALSE
fH5pwFTvqGgb2i9s0zM68ooKkpd_Isx2PP0Vd8dBnVj5nHk4W3Libk6DdQ,POGGGGGGGG,730,I,105,70,FALSE,FALSE,FALSE
I_aZ6m51rwlJzjeYL_MIWRtItXcMMnjEJsgL1HZLKl6k7uk,4 Stars,563,I,78,52,FALSE,FALSE,FALSE
83KyEtqi3-XG9G3NRgywWnfJ3L1brrQuL_0pCkHIr82Bme-LKKLJm5Wobg,winter games,696,I,112,76,FALSE,FALSE,FALSE
vdRb6ztTuWuuYR1nvfoWKFpfHhGrTrNHVTtBrCDLhD6ocwM,step1v9,460,I,175,159,FALSE,FALSE,FALSE
qVW5bZ3LB5z1tdfCfhm3Dd18kZq_LrcGb5w3BQKGivU5Jbmrp3zyIXWDgQ,MasKa,536,I,152,127,TRUE,FALSE,FALSE
PEr7tQmtBCv2ZxibNE05sdiAScjr-HHy29NxVeFOOMKgdLQ,Adaptivity,484,I,434,418,FALSE,FALSE,TRUE
dep2-rQTAYNhN9eD01LM7uc4LY4olzVxMVDELfOdn4a-Sz8ZuOnfWFNj2Q,Vivarium,702,I,204,170,TRUE,FALSE,FALSE
OtnhpxLG7PMKcBRhbA2Xy1AS1CJlG3MFWUx8adNSjyqEahCL9v_cBjSHIw,skétch,657,I,124,126,FALSE,FALSE,FALSE
cyBJRTUCzLXlr7ddnTTCY7GPE4-5Rdx9iFWkpOiMnY6hNTOg,Anticípation,488,I,465,460,TRUE,FALSE,FALSE
2ms4_PmEU9nrFi-6Ze-6bPcHt2nGbuGcfYEeu3RzFO_Mr3_i,Gryffinn1,721,I,147,123,FALSE,FALSE,FALSE
mFIizNbMTWiaCCMoice5nf-ncvE-bpzEKVtn7qMGNNQgyXg,rovex,588,I,275,264,TRUE,FALSE,FALSE
RQts_zPtxdfdQ6OPu1QJkIiDzpgvymX3olGDyVl7vZhg5U4,Castle7,801,I,246,206,FALSE,FALSE,FALSE
JvVfAaP4e5SprGKZMAmcZLBrfMyD_4Z68V5mOQbUfpCJfIE,StefStef Supreme,537,I,281,262,FALSE,FALSE,FALSE
ImO7UGLufElwlbBmRjOpoB16kjccbGUAoh453AciV69z6BA,McKirby,492,I,168,141,FALSE,FALSE,FALSE
n4gtr3oWwCDP1jvxi84AAp7wXxVZ3IER9cCforjydYhrQZVp,Tems fans,806,I,266,221,FALSE,FALSE,TRUE
po3Ry8s0JmyFZlZZsvvRVdB19Ir7YAUuqcE5qnzh8M6iAwI,I Love Katharine,602,I,160,136,TRUE,FALSE,FALSE
1oa3rESVJxYGLsPd6AA4bduv3GRf5ibmvrPmsvHVzVyYDymv,AK7,607,I,229,190,FALSE,FALSE,FALSE
4zHO_x9EHhaehNt48nN99OriZ_D2T_ptrwFliToxiCu91PVn,Pastel Ahri,607,I,334,300,TRUE,FALSE,FALSE
Vwit3efcU3PQqZZG9BVHUGqIjlJu2rkFgdS2132L_2nlSLs,BASED WineTime,501,I,989,963,TRUE,FALSE,FALSE
gMdsRhcHkqPj8BA0LBR1oo5MPOPRsJwdYNl1DFPcju7ANEk,Leuk,490,I,191,159,FALSE,FALSE,FALSE
1REHeckUs0IqyBIYMwXGDOx70W_qIWnaEK89ScBQb9OXHqU,duoqueen1,576,I,218,201,TRUE,FALSE,FALSE
4aQovEHWmJU-Z0hm40WwtNuUVu5eq7xJ_30eYYgWDgE1Sac,checca,800,I,238,193,FALSE,FALSE,FALSE
jO5UGAxNtCwZsLh533jIrvFpApv8KOtXzQBrVjL-v-hFEEX5vPQwqoeFmw,all over again 7,501,I,245,228,FALSE,FALSE,TRUE
MQ71oLfSCx9ACrB7EejHrEfFX8olcT9nRUw47KB6bjYsTRs,GÓAT Of All Time,489,I,370,342,FALSE,FALSE,FALSE
9GzmhFaowczEOVP9IDxdWdML3GMY5_0FYq2FZ8fG00g8hz9p,Garrett Meyerson,489,I,300,266,FALSE,FALSE,TRUE
wmg9ktgAi53srOxbAkH6-PUl407TKzruEjPSXWtcEeBWjac,Danizzle,487,I,85,65,FALSE,FALSE,FALSE
t6IpVlmYTyDcMcNmH9SJSvVtijB91NE3EU8safwfzLXXnUVjz10Mso4ffQ,WX HJJA002375,540,I,99,71,FALSE,FALSE,FALSE
5GIHXzE9oxKuZ2Tm7exzZ9FFgbT36qpbIT3ZZX_MAzUWtdM9,A Storms Coming,732,I,122,93,TRUE,FALSE,FALSE
wkD6rjfGP6mVeNW0OBjJZyD1Es5GqQhor7wEEyf9rJcJWQA,bunny simp,518,I,222,190,FALSE,FALSE,TRUE
O6VnqmvU_UypPOMyErY4M9syAJzSAcksWXY73mj-pKx1DxnF,Sörde,719,I,170,136,FALSE,FALSE,FALSE
ZMcEiIck30zzB8cs_1ZjM6Zs-1QKtvT2FILeWF6UVlcFWLI,Qoos,626,I,124,104,TRUE,FALSE,FALSE
CHQBU39QqFfsgWJVcMdrJj7CMiMXqGw5IxqtXhvckVxNGC8,i mis u,680,I,470,452,FALSE,FALSE,FALSE
JowBofAL0CH6mwkdsDDmX2pdIWFCmL92ehxVwaNqGk99PAW4,9-Jun,551,I,235,218,TRUE,FALSE,FALSE
W6cqUzdyIbootqaJTK12QUrwPsYbw063qTyrenODwoYzA2Y,shuvi,518,I,234,210,FALSE,FALSE,FALSE
7w3K6E-ze2vYiaoafr4TI9VCj7KFrIl7NyLwbDhVDVEU948,Joyami,567,I,477,454,FALSE,FALSE,FALSE
0FhDuGAa4HNBSpNJTyHMSvkWTDVQh3nm9OHLZ6CEMrRE8x0,Resh,499,I,497,478,FALSE,FALSE,TRUE
4-XTFB7e-uM0htE_ESfbbe-icgLa51EFjiugnnGDv9rm9rA,Ethiridis,692,I,376,357,FALSE,FALSE,TRUE
Qa6Afj5Q64FZlba2rN-YkidqLKiH3JL7Okr5F5E--B8ZEeA,deathwalker222,692,I,388,356,FALSE,FALSE,FALSE
c4nYgMx0MXPD_9rnteaW_gcVyDuB5eYecgZUuWlQasMr9N8,LastSeasonThxBye,529,I,337,312,FALSE,FALSE,FALSE
CUicCcIptsV2vC7-Q1dxtcYo8uSracXU6PVNqIAZ64B_MJ0,AHº,787,I,383,333,FALSE,FALSE,FALSE
r7CIUUqJoOJN723dHTmyN46RccVmr5qtiz1Qu04oLyH-TQk,emiwy,597,I,261,229,FALSE,FALSE,FALSE
okpYcbtslNSsWOQuWRrV8YWRyUuNKDB-pew0rNo0Sa_yG9E,Soonchang,628,I,214,192,FALSE,FALSE,FALSE
hdhSCSa-gRxDe1iE0-ZDCLGaCGMU7LyIKkUrz-4Ygdk7bFoi,TTVKingVeerChand,815,I,292,268,FALSE,FALSE,TRUE
YGgmT0JRCkGjxRtJ2lnYzBF6D2aG-2uFrG-5VMlbAqaNPTk,The Lo,631,I,381,367,TRUE,FALSE,FALSE
4veJi-yhcRIQXIBAo-Xn1dYZHB2W-BhWT9mnudNU-Y5pdMmA9TJroOCD0A,rank 1 mars,661,I,229,194,TRUE,FALSE,FALSE
56ubdEvg0VCcXWnrAdiuxTraY6-ZGzgWQC0BMiBScsUX9AQ,Lawrencee,697,I,174,142,FALSE,FALSE,FALSE
hWibDzKpO0zn9VALdubyPVJ8FM2z5oRZehkk3_SD0PMUvJw,Best Riven NA,805,I,161,116,FALSE,FALSE,FALSE
JTyruVcPYNvwmMwKWXTlBz-6AP519k8V_LbDuKRmSlMWrR0,Steam Sale,795,I,300,269,FALSE,FALSE,TRUE
Kh5LsptlR-EMxiAUFvc6fhoXeVbxz98J-_1c7Vk_-T-t0kg,IS THAT FEEDABOI,572,I,269,242,FALSE,FALSE,FALSE
dsjrJ0heFWLhLEFjF5HXzOZMK15iANs9fm6to850lRpHoV8,Chase,507,I,302,272,FALSE,FALSE,FALSE
IAbNNBI8HCR38PCb-oYuyPeq1Wr6IIioNDNFLEwg1v19P2Uc,Yang Myung,722,I,156,118,FALSE,FALSE,FALSE
f7iBTCgaqw4HoTIrd5jMcuOGZWA7lCesxkRoL0uAvdOHy3A,l7l,706,I,508,450,FALSE,FALSE,TRUE
nxz50S1oshGuKJWMsLNH8yYwgcy2CdwAYnrwdias8HFDg5Zkdqf7sDv3Fw,hotazy,762,I,361,339,FALSE,FALSE,TRUE
myM00cRO38-c0Rm1W0E7qUf30Sv8GeOmiPEypdzacWGzviY,Convere,620,I,224,193,FALSE,FALSE,FALSE
F1WpcmZxdv-MMU_ZCwq_i_c3F1-TsqEtFygUWwrZg3N6C20,CloudNguyen,631,I,1009,978,TRUE,FALSE,FALSE
QIEVrHgiwxel2IlkmviwQg6XCoXV5OHM-Z1AHN7CJQevhv8,Miss Poggers,850,I,217,171,FALSE,FALSE,FALSE
FsDUmgnyWdwor8h37XIEMDdz1fvmS9g5GSpNcPKzwqNKy9L8twX7YgUjUw,SIayer Supreme,484,I,162,150,TRUE,FALSE,FALSE
6UQqHBGhIQxGfEUi3AdIQbCBLX9P5MtNrnYlnYazTGkHqb4,Ąstronäut,587,I,182,148,FALSE,FALSE,FALSE
2g4Lkg_vzNmId6sPL7O2xUrQ2kp_QViHcs82RI1EOLLHWUA,99dog,685,I,119,108,TRUE,FALSE,FALSE
8GgOci65yaNNxLr7Kvx862KJPHvEBiI_1_1vyO7MpRCSjbA,crazy poo sex,643,I,352,323,FALSE,FALSE,FALSE
Wtvg69TLqn2vOVJt2tJtDPW3BntXI6iv5tuLFludcrpePPA,Dunksquad101,716,I,311,280,TRUE,FALSE,FALSE
dmAiwWmykpoYMhKlCZpDhor90LSRPYuUXZbeo3f3MXPg2GcTGjViM8b4Ug,agorinas,683,I,237,216,TRUE,FALSE,FALSE
QHz0xeB8S40YSPLJ2JmX_i5uvCGhQivWJdRgY0FyRocTpgYFCSrPwzLuYQ,Dam Supporters,526,I,108,71,FALSE,FALSE,TRUE
Ra82mwKOB7pSakyvLlepJC9p2f6YBmq-_pE89k8fAKEDSOGPfFllhCZFxg,heng shao ye,556,I,243,215,FALSE,FALSE,TRUE
3iNsFWysc1fkWNS3ra88pSkwor5vb3I6cp2oBPZB4V2NzTE,sandy pandy,523,I,107,76,FALSE,FALSE,TRUE
SHnVPxh1ZqJMrgUw6XiJj4sZa1UxtuKmu90jwwjC0GcabZU,Cylainius,499,I,816,795,FALSE,FALSE,TRUE
e16_6kwxxGbHwx_DCqaAI6LlOcLLZGSLTmcuNZxc-iRq5VU,TTV LaynxNA,481,I,204,182,FALSE,FALSE,TRUE
ESB0SQ7Lgw8hMUtog4XfUg7KWyyrJKo2yERRFTUFUSUoV5M,naderfan888,723,I,196,146,FALSE,FALSE,FALSE
BZk4fV4CknFJkaufummoneKRBp0TBQSLqFm8P4Yc7hVRxL0,Karl the Cactus,532,I,424,402,FALSE,FALSE,FALSE
jN1aTB7crcXKCdf_HKOeSn8YZ2D-hpX2bhpULPYHt0uGhHG5DAp8GqNmiQ,aniv sup enjoyer,491,I,219,153,FALSE,FALSE,TRUE
twFXNS2g1-NAyK_FDYRV8o_oYS2S1q1xb688GbGcVIs5qgBR,Fruit pudding,486,I,129,106,TRUE,FALSE,FALSE
zjUmsCZFvH6PFPnARCIJReCJ-o7Tt9sjTpzhUEqNHNdBCrA,HAHAªºÐØXÃªºXDXD,553,I,116,93,FALSE,FALSE,FALSE
ISZQgy4OtPxoUbfkivTHuotFyzmDw6LfLsdQ81Bz_PAH6NQ,Mario Sunshine,581,I,192,166,FALSE,FALSE,FALSE
J4ak_tGh_KMgTu6T_uWZ0aIq-IwjpcA37YNmBA8aZCagMBPyYg0wENoacA,1092023,831,I,97,64,FALSE,FALSE,FALSE
_zQ7hUOWDbJmj80VdCg5lu3Db1XxI8NkQmzDjtOrzAnQfe4,jamican banana,605,I,1093,1081,FALSE,FALSE,FALSE
fbLjsan1HhFtKUYkrxBVILfBXkF8dCL09ZjqKrhtSm0MHyg,VULCAN10,739,I,138,110,FALSE,FALSE,FALSE
aksk21MkMuv9EoWylie3ZpG-cHnFY9hvCuxGty5kLOxJhMNk,hi im oreki,541,I,121,100,FALSE,FALSE,FALSE
1D_9UDGyV0sDqqqBHg-fUK6goM9srASaA95e8s5Jb0CqBn8,A D,772,I,117,91,FALSE,FALSE,FALSE
gQx1hb6RvErdyBGCnJaSKiJFhtA_R8x-glD6ZTxaHja84S8,LoveSonaQvQ,573,I,181,156,TRUE,FALSE,FALSE
C1Nkyk6hT00viZBTxa_d0qbpTnSNCTvG2ZlkAPCewVm5YZ4,toreshi,657,I,225,201,FALSE,FALSE,FALSE
wY_1GmXJVwW7CW3jGXtE85xV13p_yaIAHDCMmG23vkhOmngRdovlybozGQ,EQon,554,I,380,354,TRUE,FALSE,FALSE
HT0SgZT-E9zswSPb_82Nb2iOuuCJp_nYkWdXQWKkVrB_NWmvN5CCX8V2vA,Branqc27,762,I,136,83,FALSE,FALSE,FALSE
6hxSy-69kNQWGOcnBxcYxuYEt5nXn-7MJLSFcdXox6PFWYU,Yann51300,485,I,348,318,FALSE,FALSE,TRUE
G9akDG4KHveja9NvrL5cm4iff21kAIb4WPyt6SJn7MuI9qs,Edgymemerguy69,605,I,127,100,FALSE,FALSE,FALSE
b3sv-dOEAMkii9HWcREDrhKl7Z2JTufEpSsuNFqHzU_IkN34,C9 Emilia,611,I,188,171,TRUE,FALSE,FALSE
Qa3Mc-oumx9gOIOgY0-rPx4KIc8YI3XcexIhdjE4QKsKyN0,AlphaWolffy,513,I,541,499,TRUE,FALSE,FALSE
sCxNch0CJkCgc7GvyBE9RH2-Sf_uuKFvP0bc85zbFyMvZjw,ComfortabIy Numb,572,I,138,105,FALSE,FALSE,TRUE
0gZhUUuM9OYcNCBOqIjO59yizNTq171AhsSIedmQzWkeSmQ,StarRingChild,658,I,170,138,FALSE,FALSE,FALSE
3QF_6upFgGmZpIKUtBS6jqBkfFQ5onDL0UpwNidiL89eoSUG,Asyc,692,I,496,470,FALSE,FALSE,TRUE
oHLvryL4k0bbKHSY4v8QbBQ35hzOSP-LoKdZfzCKHpUjQDY,ysssy,813,I,316,251,FALSE,FALSE,TRUE
JXr2Syb135DVnDGDTuZSFC7umDsFzGB6X3sgzw9iPoqjWag,Gerardo Ortiz,488,I,113,94,FALSE,FALSE,FALSE
GwPqMFr6nIDNo-jERJWJWeIy3aWJbSEf-2ZMNSf6e6GNmzIyQyFxcHNdeA,Laserholic,585,I,109,101,FALSE,FALSE,FALSE
K4ch0ZpxZAnucxmZx-dhB3sZ3L3miVEpEpX3mDWK5fotl3UtIvlI44zgTA,DefinitelyBadxD,484,I,244,220,FALSE,FALSE,TRUE
2yzQ-GCY5S7eNIOKPLLbxIFe8uSs6XHFskb4LJSNvZModN0,GYMK1NG,622,I,206,185,TRUE,FALSE,FALSE
0NMWvnUsyh2Y5dosTnEmzPov1a3I54ZN9W1wpiJaq5s0ISY,TSM Instinct,686,I,197,176,FALSE,FALSE,FALSE
GhAN4a2n58GOY434GYwKed3NYuL1UHyupQZZTQKSVq7yq8EdNCRu2MVAUw,tsumi no saigo,663,I,506,495,FALSE,FALSE,FALSE
dWzS_pPtNHGePHg1k2LVIgXxMcDTVM06ehGo_Vzi4Eccgmo,BoskETI,496,I,737,724,FALSE,FALSE,TRUE
206WS8X_TNXekgdks5rZCJN-3beLRhWAcJkZfUimu1Ght8nM,Trigger Slinger,469,I,122,106,FALSE,FALSE,TRUE
Au3TPYaw8-vxwfxfQLx0l3VJPu9T2EBJZ1lE7hL0nCwrAWuR,B1BAREL,568,I,427,406,TRUE,FALSE,FALSE
5wAXTHwwX5qGRXj59-QCq1Vcfrt_iD52wQae3TT39AUUuIw,RHINOOOOOOOOOOOO,739,I,170,148,FALSE,FALSE,FALSE
Hj4TRqHDBIkKENYdehcoqCobBgi2HSHiB_AZ246XWR4pXKA,Rivëń,728,I,143,125,TRUE,FALSE,FALSE
LOI5cQ6Xx1f84JPsSBYNj24mD4lP1rSy4u4frvWRCeRyl_M,IamaNewby,649,I,173,136,FALSE,FALSE,TRUE
nHEjwBZZ3tU_LpN-9bkMdUUd6jlEraxIme5FpakHoJM78DM,Shupian,524,I,59,40,FALSE,FALSE,TRUE
EPB4QgX723yU6E8x3J4t3nK_P-iSvm29OXAw-nXrsPAEht0,jij,513,I,117,89,FALSE,FALSE,TRUE
yNJCtRlIqi6BQkTiPqXLDXNUkImBPcEXAo_A6bLpgNAdmKI,Pluto3,757,I,282,247,FALSE,FALSE,TRUE
DtgtOcPmGqJaBoFj7k8cq7dUSZnLcJ0WPioIHgDLG585eB8,Navcan,510,I,663,640,FALSE,FALSE,FALSE
rrLDSlQeA08kzma8LwuFIHru5ZKu95Ts0BLQgkrRZ9u4YVjx,jiudaozheIiba,503,I,168,153,FALSE,FALSE,TRUE
oG6Zw8C_BpRh4d3fyZCLxXzVDtDh9bp9zO28S9otCINi5K8,SandPaperX,772,I,300,271,FALSE,FALSE,TRUE
x6Ui4IWXgwQ-i6BVY222HCyKs1G_67844RbFTU7Wi2Vwt_8,Cillian Smurphy,508,I,83,58,FALSE,FALSE,FALSE
Y644qAr01Ebh95GpoaWKWcrxi5aM_-sax3svZ4vBh86GeLs,P1Jx5,514,I,202,183,FALSE,FALSE,TRUE
DEgXudLxkwE-2LGLNXkqe1FA_EhVU1FWN2kbrak4KSDC8N8,raınıng,553,I,142,124,FALSE,FALSE,TRUE
OGu11-VxkacK38cIPHVNdygax2dbXHe1Na-2JzYm-DqLje4,lGanks,659,I,473,449,FALSE,FALSE,FALSE
k5cH-fe0jBVIdbE0tZO7ALfZynPy_H-mTl-I2dSC8f_NKj8,EmiyaOo,492,I,545,477,FALSE,FALSE,TRUE
G0KjCpy2gzVT_HtJG6AUzlIOAVHxLXf86HzA7eVvmtyQ22N-Vqgucob0YQ,Psychopathic Mid,707,I,209,166,TRUE,FALSE,FALSE
fNJ7j-RDk8FECbxmBEI_UD6kSJ9_3sFXg1AvHw8XfwDR1X4,bakeryboy,505,I,333,314,FALSE,FALSE,FALSE
UQqTaIBcIIEChl6GIJmmTq51f9HbBZ8lCmBA2Gdn7xHh9jVsektj4O8mxw,WX YS90622,540,I,547,498,FALSE,FALSE,FALSE
_kjmOdpaG-oNt3YDOBSheRv8WzCWhuSjORn2b09SlDuRO_Y,Lucaserlw,538,I,209,169,FALSE,FALSE,FALSE
sRL993oq-gkkeiE7az4gXLcY2rFFFvgqR_hBCC6Vi1EasciM,Sdorica aurora,482,I,133,144,FALSE,FALSE,FALSE
f1TOBjNHizSueeU2eVG7FTJtUY15h9J_OLzkZZxqEXzZIFr4b3vEw2Ix-Q,10X JG,829,I,174,130,FALSE,FALSE,TRUE
cCaSqAlzkaRuOf7I6Bi17GkqHEvXTvhZqmzKav50lFHiQkA,Corgi the Pig,794,I,116,115,FALSE,FALSE,TRUE
N-kfRn4p8W9VrIs6189ZnQx8oN7uH11uDlZam7jr9pC_vnw,Ariendel,789,I,400,376,TRUE,FALSE,FALSE
kwIWEGi1kLbJzRek7qmANDMT3pjo1scA5yQ33FJpmoOClzI,Zequilla,516,I,111,92,FALSE,FALSE,TRUE
K3WV2gy0zgDcjq1W5t4kS0WIP6xBbcOJCA0_EDibSZ5wFeM,YYJ,765,I,341,306,TRUE,FALSE,FALSE
rDJ4tABmOTIh6g9pczZXo0q0c4tUtfoV4pNNrOrASnBsThs,Isolde,693,I,174,143,FALSE,FALSE,FALSE
YBdCIFBWyVzSiwna7tZaA4WyWmEOkzjgM50afycqHvniUXmVHun8znMuXw,youshi xiang ni,548,I,140,121,FALSE,FALSE,FALSE
6azxaHL1_bP5zzdDEqVOEOodkVenAQhhx9hQMlk3lvA,KEKW,489,I,189,156,FALSE,FALSE,TRUE
jR0HOXDgQTQkOitookuTqGzcZS8t2V6ZGcmft4bHURCGs7QKGZqxkUag9g,rzng,535,I,222,203,FALSE,FALSE,TRUE
CmplRpNtMTanxqvHgoDIAqRCsLfR0AKJvdK-bkcmp5KpwiY,Chanman Reformed,613,I,149,94,FALSE,FALSE,FALSE
eioikswKJ7Dbyu5o1a-dRJAUT86Ii2nkCOlGdsMYV5meEwI,Wynncraftian,649,I,221,199,FALSE,FALSE,FALSE
dG3cJFQMOXS3DJbuwnvtzUpteNffo92wCmHl9umiGukQYdA,Łûnar,557,I,328,311,TRUE,FALSE,FALSE
4EuhamyU0AV88fk93DR3GRGPHuEyic6mM3ieScdJKe9jypA,dtro18,826,I,445,401,TRUE,FALSE,FALSE
tAbE546b6sM4Hs0LQW5Pz29j2rPCdf4FoHt2NS57FxKnsvQ,ANTHONY EVELYNN,579,I,170,154,FALSE,FALSE,FALSE
g9stpk4nOZEUGC6XePIz3sJotvGRiNLZxvem4BBET5BnHMI,Crimsonating,766,I,231,199,FALSE,FALSE,TRUE
xFQMzCr--NszNpqpjIg7oWydNVcSjrNPHCQtZudbPCWtXQs,Lowest,748,I,269,227,FALSE,FALSE,FALSE
G_8LGHvn15wyWukDU7RbeEHNXWP55IOTE8kLwpN20Kc64HAU,GoldenNinja103,554,I,494,446,FALSE,FALSE,TRUE
GLqrHrn1erfiLV9N-ExLIQNbk7REaFOr98KgApz6fCsHOZnP,7 S e 7 e n 7 ,621,I,355,334,TRUE,FALSE,FALSE
a_vIXD1dy9CMC9-Y1px1t9vXVfNl5ATeVVYP8TWNJGxgPBc,SoIitified,498,I,616,595,TRUE,FALSE,FALSE
YYc5gy5MRokJB6lGwiYNCRg4IbfLj8dsocnFqDwN5oDcL_c,God Sai,499,I,266,249,FALSE,FALSE,FALSE
cUAzcBSNxePlE8kIZBJP9UM-NrZmNGPMKUUQQo-HbBGxQD0,Sweaty Intern,615,I,408,387,FALSE,FALSE,FALSE
Z8aqDTg849rV0mKashO9Cxg4J7gAn3itohrWE4VQ2d3w,Zativert Vi,488,I,71,49,FALSE,FALSE,FALSE
6gdpfAYUTZPtos6619WeYxQm2Yl2mXGqvbj_EsvpF0JRIVw,Competition9,712,I,516,482,TRUE,FALSE,FALSE
zvdB5k8kWB3mlAXxpXgvCKrnprfgsZ8TMkPXWex0JJ3XbFY,dang thats wild,706,I,152,105,FALSE,FALSE,FALSE
PiMpGb-_09ocIBa5P_j2R3QACfqhzXFjnd41amFxRJJ6xpM,Hafu Jr,576,I,225,206,FALSE,FALSE,FALSE
Td0vgrBQQ-R2HPRf64oyDBZU9Od8RQjfl5-pP5EvEuEm6QBl4EXXcorE-A,Z4A0,586,I,708,668,FALSE,FALSE,FALSE
AFON73fPpQV18fxHljetCnFBReHYOF05js5BVaOeuNOLkWts,dunksquad102,480,I,103,88,FALSE,FALSE,TRUE
yUO1YATV5JNZyiP6GHr4Nb-zaQsQqQdOqjweVJcyIHE2MyQ,Nzm,839,I,142,99,FALSE,FALSE,FALSE
GxtGiTwYCx7mxuB0QVBLhANKfUMgmYJyJ_75AOyeosagNRc,XEWXEWXEW,835,I,447,419,TRUE,FALSE,FALSE
dMpPpsoK6pDwopABbbrTzf3tBBV9eh-HzQ7SuSReTYzCN3k,Protos,830,I,440,407,FALSE,FALSE,TRUE
ursjPkiVwqxvqHn0Yl8Y4DRu71lwBw5v-_b9M5QUyEEGMivX,S2ETOGor,536,I,284,257,FALSE,FALSE,FALSE
sOj1wojrofY2D5PVgVfQwH1jbvjy2DC6GNnYp3t4coL8jRY,Manco,683,I,166,134,FALSE,FALSE,FALSE
ko8p5OKqJfLI5dlTULTldVN-YjJc5_CW-eCcJlrmF6a3ukE,Daddy Issue,554,I,211,190,TRUE,FALSE,FALSE
GkoSeeCE-ZZmd6mVM1_YWBqlFSePiiNAya8hO4_BnZftbefaT4rG0NbJfg,Vessel of Hope,623,I,132,97,FALSE,FALSE,FALSE
qmJAKpp3FZ3zDT9nD-e22rVbUYXf66bwlIXnVqzs5HKvohc,MatiS,574,I,369,345,FALSE,FALSE,FALSE
X3kg41h29d2252ZD6rqlW_PHanxDICU8KqZe-BlU3fwnyzA,Alise,822,I,602,569,FALSE,FALSE,TRUE
nn9mEKCWkNoAiZ516AxnBuzQjq8bm-YausQksjWh9UiA9EE,Teesum,559,I,193,168,FALSE,FALSE,FALSE
oUkcY0X82GtCnkDaKwUVJOcNx40Yqbc_zH-tbMjjlaGcyIg,bronze garen,539,I,260,229,TRUE,FALSE,FALSE
g02lW5UxXVaJjPw75RffwW_8RT9g9c_p-AeVrGMAQTc4Eb0,21006,522,I,154,132,FALSE,FALSE,FALSE
DhuG8HQVYl2I0GBGLSHlDpwbSN0uzw7BcHBBhMI2raOrq15s,PCL,569,I,332,303,FALSE,FALSE,FALSE
xq9iVCNVVP4KhsB-d-Ny4hBOBul6no6bIjsiY7HIH7UJcwA,Enemies,638,I,309,286,FALSE,FALSE,FALSE
0NRIO024hTj0sYQcCzYxpy0tbHkW0UBfC-9BkJlKCJ6NDPE,strange fruits,744,I,394,380,FALSE,FALSE,TRUE
9vyaKnpzEB4Nt66mFh35LNuzoqpHgEhmzq83_HFMefFRMPY,Zhï Zhï Zhï,524,I,625,603,FALSE,FALSE,FALSE
4H41MnK_QWLT8qMZ3XZvIuB7IUetpubSZ5T9gAB_cR3tH7E_fxnWAuY2AQ,Selfmáde,747,I,276,262,FALSE,FALSE,TRUE
mjiSM98LMoppE0F6_DW0W8Nu2ewdRFYD1E6mVVbuEfOyBM4,RoyalRoy,504,I,385,368,FALSE,FALSE,TRUE
i_eZ_NHFTIFnus3n5QJLFx-qeMi6MPlTpPHrQizTwPO3W-Y,WA LAZA,606,I,126,101,FALSE,FALSE,FALSE
pLzMtVse3q7bdYxc0fbzmLBwBfVsnP1Jr7o0znTij1PqfA8,Messages,632,I,228,206,FALSE,FALSE,FALSE
78QSx4dU-5_zze8k3vxVkQ0mjp8E5Z4VczsaltQKqoVE4oc,Lucky,543,I,240,218,TRUE,FALSE,FALSE
nJrccXILGlRVELtlUjrXyXq2a7yuG-UY76bvwDLujZGAeeM,A Lot Like Birds,569,I,296,273,FALSE,FALSE,FALSE
F0eWoq4_B3qOYmGFxFArt47BQ2ilofg_Dd_TdRrTFDhU-mGNjY6HUl2sZQ,kegc,599,I,147,109,FALSE,FALSE,FALSE
57DFyE80XL6S6SMy3RoSPyPAfOH4YrPeMPwY1eASyyqR9fk,Im ExeCUTE,711,I,305,265,FALSE,FALSE,FALSE
p2irThZ8bg648f30v_EHQ-AMstsp1qyr5gf2f7bMBFqN7oxK,OSU BluE,614,I,515,475,FALSE,FALSE,FALSE
hnqeVKWfrf8cC2N-meY3lLRpTcLSg0h5__O2YN8CMEGK0EQ,d1stract1on name,625,I,182,161,FALSE,FALSE,FALSE
HXvXvsLQ_huYYjmzw4zOREhAGTIBLSLSP9924aMmzI8-JHo,Itsagoodshot,764,I,350,321,FALSE,FALSE,FALSE
oMjr8RgR9qqbrxbmUPwE6ZYYRlDYDnDKfj6Sh9K1Gk1dBvs,PILLPOPPER69GOD,569,I,121,93,FALSE,FALSE,TRUE
ENIaBdphm1UpEwCDGdJ8P9k5KeHdNEzXVmvaGr6cuwzRkb4,Renascor,446,I,608,564,FALSE,FALSE,TRUE
v0CoLEBqgcfStDg0lmJ6gep8SghCBjs0h_mFHwS-8a5bE7M,Assapp,840,I,216,163,FALSE,FALSE,TRUE
ld88GHzSeE4gcnqsviYRMxXMsYOLWjxUJdMZWHk2fre4hs8,lettuce gaps,705,I,274,254,FALSE,FALSE,FALSE
JfDqRcZa7s61DKf4ZM87Tuo7pLQONpqhm-IC2oiWsMa38lU,Urason,489,I,67,53,FALSE,FALSE,TRUE
SKrhz5HIYgi7TuqZuJU2UjbxEV8CfrSLjOD4RMMcy7RE1JA,HelImet,661,I,204,181,TRUE,FALSE,FALSE
lKfXBa5GpRT4-w3hvNMlxUcdcMjOrbUqEITXky7N9YOF8uQ,Cái Tôi Quá Cao,600,I,234,211,TRUE,FALSE,FALSE
OSsrS6RZK7sTXZCue9eUIKpkjVjZMEhcAdWh7xijCiPBtrU,3uphoria,554,I,593,578,FALSE,FALSE,TRUE
IHETj4gJP1Ako49tkjU2ZvIhj_yER7X7AR52EF0AYlTBcsw,Verii,517,I,734,689,FALSE,FALSE,TRUE
4C9xDGqP2G4hXM9ScjS3wqTs7S4FhU8V45lJnMJrSJ7-vew,Purrple Socks,770,I,481,432,TRUE,FALSE,FALSE
y0FmZewgePqI3TR909DWbv4-WUj25rDbrYyydMp8x6X3rfY,Stabsie,641,I,169,154,TRUE,FALSE,FALSE
qj9lHTdFtd8vQCtU90SL1u-zEKZ8M--EjsCbdggRg2TbmK-cCaZksVJpHA,love too late,746,I,163,107,FALSE,FALSE,FALSE
xedRf04O0XYFNC3cNWgt3WGBAv9H8g8TLbK8ArG2g7fr5ME,IMT PoE,839,I,178,147,FALSE,FALSE,TRUE
jAUKiwO09AoOYGOq3L6oz8C6KeHbju1U-mHTRVjMTiSKgscSOpN27NlOng,Ruel,630,I,153,106,FALSE,FALSE,FALSE
l0O5msVoXgJ6YoY8TEybBn9UWyAB3WjBjRA5j3Bb2B1q7q0,Splorps,484,I,159,141,FALSE,FALSE,TRUE
wid-ZGZt2rnjQn1oxBPuHJKWvtgHMZ5R4knw1WzKYEUXIyc,BaoBao BoBo,641,I,231,193,TRUE,FALSE,FALSE
3DAsMEZrxj7bCVE3te2YUcWJx_QWo0vgBdwtDk-bLfdv79w,Araidan,586,I,209,168,FALSE,FALSE,TRUE
jI0P4CUf779c1UjABsA09LIjA8bdBzts5TPFh5Kqsochodw,9Lives,481,I,465,433,TRUE,FALSE,FALSE
OG-4osPfgN3QeJguTz_Y1ay0hU5lr-kpeFQ1oGAI94F2rg4,DieCryLaugh,512,I,227,214,FALSE,FALSE,FALSE
KY1HU8su3u3MsrmR6YnqMzJITQhqHKMh9zvn9mQhvxseQuMl,Mónkey D Luffy,791,I,562,478,FALSE,FALSE,FALSE
oKdj9PpBvIzDJRhl7iUuw9_ZnZpWayzpoayRrFBEhtIozCk,alvinchangrocks,608,I,369,343,FALSE,FALSE,FALSE
J0SFm6crjpKbTIE5xXV9adtTRC-8XCf78JNLMyKgDq9fGf4,Pholix X,574,I,181,154,FALSE,FALSE,FALSE
rRnFQvslH50DxYNhsuaBflY_09Hfw-PAlKr0vVPSVL1AbNo,Overrated Top,743,I,194,159,TRUE,FALSE,FALSE
fR220iuG6fCBH8LaNJfn8kocImKR_X9gGRVd7iR02JjHdOk,Malaphor,653,I,285,253,TRUE,FALSE,FALSE
uI8DJluvpKPpu9UwO1DRTy4X4U6wpoj92vP2cM2Q03ulr-k,AwakenedGenius,765,I,559,513,FALSE,FALSE,TRUE
QyBHdq4l8cfqqko6XJnVOnIKOXPDe1dBWQ8vZMMqz36lPfU,Matty,512,I,238,217,FALSE,FALSE,FALSE
BO1n7TRkOtlCzj85yZTAVh8uUvhR7O_bmrZvsRb0Co-CR70f,B0BBY,537,I,111,88,FALSE,FALSE,FALSE
NjPmL9iOS93sHi-Nd8DrhuMrdyYPirsxNaIHU-MIsCCZ6UegUN9hCFawng,EG INSPIREDGOD,608,I,240,219,FALSE,FALSE,FALSE
uaLXSiAwJUjU0ejyleZiQ0N_Fw8I0f4XtCxk2FwC6Gk-a9E,IVP Bao,480,I,239,224,TRUE,FALSE,FALSE
4vBZe0JN8apiFQmgiq3NQZ8vMBqijwZanpVa8bmjGn3ZJpY,aiden no yasuo,756,I,188,151,FALSE,FALSE,FALSE
jnqz8qmqdRcUcnjqzZk2hsIwwRTGOG9-rvgZEG1ybk6a4oeX,Hct,446,I,249,220,FALSE,FALSE,FALSE
b8co8kQcxGU4PPLzSBzDzy4pNXhJkOXY97S_07dh4HHXEqU,AddictedToBacon,515,I,574,552,FALSE,FALSE,TRUE
4Gi-ZRrBBx2k_3EDW3g7y6l35Kd7Y74eTxsW2lad8xugHJ0,Angelic Pretty,526,I,245,194,FALSE,FALSE,FALSE
L1EuqhI4831-26BMBumDAUIMpMSnF-J0MsKEcs38xvMK2a0,MoeTube,511,I,398,367,FALSE,FALSE,FALSE
mS9RA-gmzcwfFtL0vUoEsPChnGArHQBS1us7x46WS_GVzPw,Chookies,617,I,255,229,TRUE,FALSE,FALSE
XSdpCPEm0c2icje1Dbv7AvxRQhPkOxqNq9O6TQ-MtcoHGm8,Strikerzone,575,I,283,254,TRUE,FALSE,FALSE
ucJTcLufk1ooSlZZvONcOGdsYmLpUPsoiT39Na1x4pqzrcQ,NODREAM,524,I,163,142,FALSE,FALSE,TRUE
NuPjj_klUhgol_9pSI5ra5fQZyx3zHV_SE9Wdq8RrZTW788,perry1,778,I,199,171,TRUE,FALSE,FALSE
4Re4iX0Bx9ZLh7jCamv6QDuE-K3jEop5IcFXosejisutDV0,lafyèv,643,I,185,159,FALSE,FALSE,FALSE
z3ItLKxEhjfTOuzs8c3SLSkdLA37dxUZ1SAU6DNyKBAFIp8,TreyDog,504,I,144,112,FALSE,FALSE,TRUE
vIxIdiEPcnoKCuHLtyk_aDJm53skOAuqfAFOEg_kGRwJD4BW,Akuma no Ko845,507,I,241,168,FALSE,FALSE,FALSE
6eXrEOCbMBoNnLOk3uuV0YGY35MUr-dQUhTLYh1VeHcEi7I,100 Tenacity,661,I,146,116,FALSE,FALSE,FALSE
uswv2bd2mthx2PW0jvHJ43fJn0Nxj8qv-CaVkIdeR1CwjyM,Danman96,491,I,421,398,FALSE,FALSE,TRUE
atpzkYJXb9mwiK9QIzRH6AOx2mgMNuEbL9-IDa9Vae2bh0E,ASCEND YOUR MIND,553,I,176,151,FALSE,FALSE,FALSE
kXV9M0fwJIccJqAB67qyLHMqQxspul2Z__ldCIo5M0cbuys,Srkenji,556,I,402,391,FALSE,FALSE,FALSE
fn_bNmEvSSYJxj1lwkUehtYsyz3YwY3tZl6QDn82Q2thii8,ALEX HO,545,I,197,174,FALSE,FALSE,FALSE
iLPwbStcCRTm9ybrh4r5HmCId3pE0MufvG4fT7HRIcMrl1w,U Never Loved Me,792,I,197,170,FALSE,FALSE,FALSE
uJPxbhbEjo6jXA3VwY60Ogin1c5xhPkuucmxMJRxeq0o8S6n,Ke Ni Jiu Shi FW,623,I,163,143,TRUE,FALSE,FALSE
DeBfkTD2kpYRx98EWsEEbKzuYUPhEOr5L05GzEc5c6ekK08,YoYo OwO,840,I,337,255,FALSE,FALSE,TRUE
xKziDapyIcW_zA5IJfI_sNVPsO_0FeIW2OVpq8Nh2OIK0Yg,Yozu,745,I,310,281,FALSE,FALSE,FALSE
dSDau_rJnDNCjJQgw-BrEezc5D5_Q0ypdC-TVZ0wBEvwKjU,Ahwii,809,I,196,160,FALSE,FALSE,TRUE
5rqsvIUiw3BWDUgWWGpdmDdb2aHjt1eOzCsjsj63vka7J168zPBFrioh0w,ACKÈRMAN,744,I,244,210,FALSE,FALSE,FALSE
vScM5iorsj_-92hoSo-l7jxz7cvWx2GCrLu6KUmEAgesgN4,CherryPopz,770,I,216,180,FALSE,FALSE,FALSE
FAw96y_IxKKKiYZp1x_kQykfq6EH_RYjYbnqMsjB_4AUnYFM,lmaø,634,I,207,163,TRUE,FALSE,FALSE
w3ggVUIsSIsmm1aHmYd6-cw0TuZEgv5GVp688ojKxe21reQ,Strova,448,I,589,572,FALSE,FALSE,TRUE
0H54uaMukoal5bzDvLV98exQOP52iShukLAzHShT22KA,admirable potato,573,I,258,235,FALSE,FALSE,FALSE
tSUroM_MmQdJUGllP8B5fA6IUpUdVQZelfxIFssoaAi53NI,Xaple,547,I,759,735,FALSE,FALSE,FALSE
5NaHLaJTKTvxXJJr1B40CI4N5_0baVAolw2CMwVwercU8ag,chuz,733,I,238,213,FALSE,FALSE,FALSE
epkUn9nrlkUGuPKlPl8-iNtmpujFGlCvPEXD4wFQhTlLMDM,nifty jg,706,I,375,338,FALSE,FALSE,FALSE
u4wQ6Suwvx3w8b2xbkuQ1iehpxDJawV9T2UCd_Rgjd8CGpI,irss,481,I,132,95,FALSE,FALSE,TRUE
j0ujZAovxBxIWywImY35KOUuOpqVXwApt9JnJR1OCCu93uw,Emprisonner,707,I,207,182,FALSE,FALSE,TRUE
wFbCJS4LOdXVMDc5dA_RYTHx5XCFDBv8JDdSc-1lNzaqCtw,SkiTzee,565,I,718,697,FALSE,FALSE,FALSE
HthmeswrG_kW9ETflwAaNHc5Iao5I-mq8FYsVoOjPgU3fb4,Scenari0,511,I,177,171,TRUE,FALSE,FALSE
Z4ClR-ZBVI-_nm9S8V_jMgA-vsg2mgVVAr1Jd5fAGiSzEYM,PhenomEX,738,I,487,452,FALSE,FALSE,FALSE
NDf5VrjcwBS2M-uIM7hNdmI7tk6UmJeU-LUohYq30TNnKyhI,RapÍd,852,I,593,551,FALSE,FALSE,TRUE
DBYZiwMTOvrFwWo8S_baGOFRqHhj6bgh2xnhcn1LgHOJdo0,ShoDesu,483,I,354,338,FALSE,FALSE,TRUE
zRSZYMKpxZkohtCVW4sZhAZ39kzkW005HRvLoLukJX4JT3k,ZaltHate,536,I,305,268,FALSE,FALSE,FALSE
Om6GkZEiSIrPo_-smPuv37-g_TJ1PTvcfQABrPefTY1u0SMXQj27ZRxqSg,OnlyBans Draven,498,I,408,384,FALSE,FALSE,TRUE
DXHdx_hIj0TC2ryTAqUZmLkAAAGg8otFieOjElUFD8AwuJmb,fClXmCeleste,585,I,198,177,FALSE,FALSE,FALSE
IUiL7a8dt4mnlBqSXtSJoAS62uAVQ2WBUB2JX82SQC8hcyM,Rêquiem,599,I,480,427,FALSE,FALSE,TRUE
8VsUz7KZlhRf6p6UMwAmc8FmIlp6_tjQIypELpPUcu2G7C4,GrayFawx,665,I,412,381,FALSE,FALSE,FALSE
VziTtFxfBx5Ksaq0reOboMkjEdvt8000FyP6hK1kX4tUGHPB,twitterwolverene,485,I,297,234,FALSE,FALSE,TRUE
Rn4xTRriMBwK3lJi81xlZRKQe83EtHFdk_XtN5aRUGh0wUq3dewFYhaS6g,mu tóu,585,I,110,65,FALSE,FALSE,FALSE
GVULG8KyM26dubVjnNmvAe4uJ9kGPsnUfZabB-1MOns7vSs,aquanick,582,I,350,319,TRUE,FALSE,FALSE
yOkPRb7BYiTdcQd6VI-vf54r-Lgj3sdvigSHB0Rwofw290o,meowmewomoew,692,I,132,115,FALSE,FALSE,FALSE
_URiNDLzdcJDHz3CvIJJYDiPAcIPjmlP2stNsbblFMRPC_4,Adr316,759,I,452,411,TRUE,FALSE,FALSE
vnw3EJsLcEDiRWTCGNMiAqM4dPUiyf8ZMXG5C7J2MN8maos,Avano,618,I,386,370,FALSE,FALSE,FALSE
9_SR7ibizw-5SE20IxWXKNZYwH8qzQ9i7B2d1wk99_gCzleFEa5e-tMSGg,kakaQVQ,500,I,112,66,FALSE,FALSE,TRUE
NRwW_3dXiMheLb_u0s26VllxRVq3BS5iC4sAPi1YrE4R4mcRay2yGy6Jmw,CAT GOES MEOWWW,686,I,298,259,FALSE,FALSE,TRUE
wHPvgfadewvDmACJ9n-HerMcwvILjbCopO-O33oEFcoiPv4,EvanRL,553,I,199,188,TRUE,FALSE,FALSE
fSr6JHdW2UQYHOtXe5-bVT38cXyKrNzWPHFgoS1GMPkDOG0,Tora,494,I,549,519,FALSE,FALSE,TRUE
co-T30hsab8uLxuVPlWb1XNvca2xlaYwTPvB9ty1aYVoQE8,Victør,666,I,399,375,FALSE,FALSE,FALSE
IZosFitBOs-EO_S76FSBc_hcdujOlZ6BXx41yGj3K9ty7Y8,dove shampoo,615,I,133,99,FALSE,FALSE,FALSE
E3zguChz4KjCxcIRoubarEedxUWbMoqjVb4IK_qXpJSG4F3TABeV2LWkNw,TL Honda Bwipo,644,I,83,56,FALSE,FALSE,TRUE
47AF1Dnrs_fzF_BduDI8j8JGxpXzqrtmdFRr4avybW8AJenTFzoMqa6F_w,shangshanderen ,661,I,698,689,TRUE,FALSE,FALSE
fADEA8NSsMbQxUVD8oWcURE9voo_gCnnA-per-kz2QqTafc,Ozami,500,I,296,255,FALSE,FALSE,TRUE
NyDqYAiy7nQI4X2qmzCyFTi4BbinyRAMsdNdENnooGCT5vI,Teamgame1,501,I,420,398,FALSE,FALSE,FALSE
HAK_xCYwAzotHhd8z8Xv99Xwiqj6ahgbzBDefgmqFj9ob28,Tokiyami,853,I,264,225,FALSE,FALSE,TRUE
obRTFcYas80WWBGSYxYig3ZjHLBmFT7Kdn4cALaBPs5YDWI,Book of Daniel,668,I,328,302,TRUE,FALSE,FALSE
XYPlMsmiVvzUjjf6utV6GLYSjIPqmaWCzeolcfmK6WcJlan0,Almighty,569,I,61,35,FALSE,FALSE,FALSE
A4mTCKqmIrHMzBSrSsiUZM4u2jTTshg8H8U3cGR6NLjSv4zB,YørdleQuęęn,614,I,323,293,FALSE,FALSE,FALSE
C25BPRntJlI8lD1gBkNKi3rPeqZCecFxHF74tcIiROnse8c,hyperton,774,I,188,144,FALSE,FALSE,FALSE
gGaDz_AatVFiXqm70Wjmp1hk8e28_Ax_pqOrlykvhdFfStYI,Power,621,I,435,400,FALSE,FALSE,FALSE
suwhP7oq37xG9D2TKeq8vSpqvHJWMphcL_SMMZnDnG8dhyLw,little Aatrox,488,I,240,194,FALSE,FALSE,TRUE
oC_Nj2GBhvNUNTua8kgZsti96n_vcNfzNPmELGMzNYiMHoE,downbadnate2,533,I,559,533,FALSE,FALSE,FALSE
4HBze0XE6F8SsGGQ9RgEd5jLcyc9C6R_4dLGReck1p7wVls,BaboMid,496,I,201,164,FALSE,FALSE,TRUE
8B-tDemsVy7T-ti_Reh9XwvCib6nPx-0CQbGR8rKEyguHro,Mr Unchained,618,I,97,66,FALSE,FALSE,FALSE
EYcqtsl1aznSLzYdvPchzRm2NzevUTcEn2UuqZQO2RGkzE0,Eternix,634,I,460,430,FALSE,FALSE,FALSE
I3KNE3e_GybILjGsp_Setc_gfm34q0XgNgVtYHXFrvpG39k,Vase Admirer,819,I,194,157,FALSE,FALSE,TRUE
BNJHZily43fup2IZNvFE1raRHF0GsKJX26nbeH9Cb50jd9j1,twtv Citriclol,700,I,395,330,FALSE,FALSE,FALSE
GuoCPqkQkm2dJPaVC-EJqejqUO4Ni_46TTEv4fY21Y9a8628U2OevKlXXw,qamAnti,584,I,88,66,FALSE,FALSE,FALSE
PO3C49kKpK9qDcOGA7iXdbD4lHOB9Aixue11NYV1FRk6DV6I,DarbBarf,765,I,367,343,FALSE,FALSE,FALSE
YL6egfKJNL4SiUGKeUgNq5YRxnkrroN54UrrMLXlUlj9TdxL,Vodka1,794,I,257,227,TRUE,FALSE,FALSE
ItyRg48TNBZiMjLzwmPCMHKXPJ6dLr7sst2s34fUatf8AP8,isKOPPEN,520,I,220,204,FALSE,FALSE,TRUE
aa21Fwh6UyJqMjP-PKAEJ263Gi7c2ZlpYTJ7u3bIgYQP2hs,MONSTER CHAD GOD,541,I,811,803,TRUE,FALSE,FALSE
VcI52IpVnmN2w8YRREJJCTYw0-AzJGK7vRUYV9ZtXr7rnbHbUW0nSnDagQ,TSM FTX Mia,482,I,236,219,FALSE,FALSE,TRUE
pwH4Srs6t-r1ZTfdSQv6gsGVjVlddCI5Rfna1oWGTp0eIgpsoo46W06yuw,Yu ljin,712,I,508,490,TRUE,FALSE,FALSE
yrJ7RWVQEEvKe9u5WKCyaYB5PJ1uMOfIwQgUMT8zIrwP0u0,CR Sheherher,532,I,286,272,TRUE,FALSE,FALSE
NGelG3cVwqHfSsO8_pvVo7-RubCzC0TbwnWXWDY3XPATqoFCUnj4MYYe2A,for Hanjin,579,I,197,160,FALSE,FALSE,FALSE
MLhtaRUvSlH_mbF8YHgawwHIA8yhst8A_ekuSvPri0NmB4d2v3Js6Zv2mA,Znmhy,744,I,124,91,FALSE,FALSE,TRUE
nX_DUC00Vt22lkJD929jhkmuwpCEPselIMmfupNUzNl7BdY,xRoyal,492,I,481,464,FALSE,FALSE,TRUE
3Q4-6qOTqLMQ8pPYNChTcDOFZf-qVcXhTDKbpSA_13lpWzA,CensoredMercy,638,I,155,128,FALSE,FALSE,FALSE
WTRZiMwrsGXAJUB2DyXoyJwRgJ2C4acSSYbHCl3x-UZj5MY,big dacko,726,I,360,330,FALSE,FALSE,FALSE
7BL-kRP5Kt9N0FI6kJqzg9HKqXIipQcY1ZAcO7GRheocdP0,Synotic,604,I,343,321,FALSE,FALSE,FALSE
CZFIG8Ap-BIY2IaPto1B9pqVLE2DtKGAu8Mu6SX-EVX_gTWQ8G_qbQkjag,only for myself,854,I,592,529,FALSE,FALSE,TRUE
_z8ehnObow-svXmaBWTq_jYRjmk1kZ_8j-Ri8i_mXW-fPqY,picapica,719,I,148,147,FALSE,FALSE,FALSE
OCJXxaKwl7jv_4IajcRM1upmf51o4BTLU-OKFrjBa2WOpVk,TK 2023,800,I,280,250,FALSE,FALSE,TRUE
3J9BAolaYTW4--IaD0jidsCPVILZEXZHB2RPaGTfS4OZCysD1zEreWgAvw,TTV King Fidd,518,I,184,144,FALSE,FALSE,TRUE
QucrrOFvcwzP59Fgukae75ieZztoDndJFnjS8Ty_hb_GRjWYk6fCX4PsDw,muko9,491,I,111,69,FALSE,FALSE,TRUE
VkPk7Kh4lsoVNyuKTg3NlCVs3Bdr0oDIKKyce4WlEdKZ5hI,pumarejo12,500,I,187,145,FALSE,FALSE,TRUE
MD-fVfYLFvCsECZ18Rn0kOK0NRaiv55pwV3ny34uomYiAdg,Wútiáojiàn,629,I,349,319,FALSE,FALSE,FALSE
6uYuZ7S36HFXbtsK_gHL7y_9BfzOLocAlF8Guw8ddvJFvy0,IGetTheSauce,490,I,332,314,FALSE,FALSE,TRUE
kft96-OExqDo9xl4IEDLDulcSIHQBtFP5AhJgxsuHI98cqI,Diomarr,632,I,191,176,TRUE,FALSE,FALSE
SuT1Zu9-Yz6Q6pkcpGgzaVLoc9wgMQ2tvE383xM-EVE5dY8,Reimú,626,I,147,125,FALSE,FALSE,TRUE
2yAwstGjZE2f6dAwKpOIcapMpd5eCLZNene8nIttSA_HtyTbd3sk3wyi4g,Fanatic Pumpkin,542,I,175,137,FALSE,FALSE,FALSE
qgmYN8frXIlyUu2KwJLSm_PAEFyAwelvsyuUF_05dXs9fDCzeEdGarK9vA,waltz for hulot,848,I,227,184,FALSE,FALSE,TRUE
iBpYweaHqmDQvQraoF3I10AFf1McPbptO8hYvWXaW7yZLeg,REDGOD7 Fan,499,I,204,180,FALSE,FALSE,FALSE
QZsv-13LfDOEIHMxcWAzuqcS9OOGRKN1RIrIakLrDMSHLnIW,ktriyuiop,710,I,202,197,FALSE,FALSE,FALSE
uEvCejOLCS6H9x9VzUJoAza-SSv-jEtfoelkc5Z0oUEx0qI,SanguisAnguis,486,I,444,422,FALSE,FALSE,TRUE
8-8tQVfB2YOSgOhjR2BqIXYIWiyK6ytbPsLWlDCGt9bPXgTLxhHhm23H5Q,Chungus Jr,510,I,250,228,TRUE,FALSE,FALSE
6CpcemrRU7LD50huiC8pDHhce6ANTJEcIzh5XU-uASJti_k,June Gemini ,802,I,290,263,FALSE,FALSE,TRUE
epTRKbFEqPqXu3iJ-ea75nAGIJGpTBAW90iee2P0ivh2sqs,PG Ace,840,I,135,90,TRUE,FALSE,FALSE
oxvBEwqen87fRKS8ZAehizfSe7pdPmeYOfLdsCE9JdF_DQw,Misterdot,752,I,247,217,TRUE,FALSE,FALSE
7yLW5J_umbvoIzkU7vom6zqAKUyYYcX58cjAtHNj07gkMEs,shiro3,562,I,83,64,FALSE,FALSE,FALSE
nVJnsscKVzUmDzG4wD8s0G75PBxM_KlHpRX6VICPCZFWzyU,NI3K,599,I,163,88,FALSE,FALSE,TRUE
1EJDY2vCg7p5r0rCN1B0_oNAsMiBlHuEYieltRUdigiRgt8,Joyuming,509,I,292,256,TRUE,FALSE,FALSE
g2hogHFFs1JHh_zCa0-gQKWlvRH8de6jsOGmHDOx4JWc_iY,RaaayLAN,481,I,126,103,FALSE,FALSE,TRUE
QLv7LtiQj8pb00YxPulxLzzVZXprvkce8ivRvQkTKuOdY_A1ErYHuaWkbQ,Lóst Boy,805,I,104,88,FALSE,FALSE,FALSE
hA4iC8kYkRl-lbIdnLVYw93h8vkQw9bXpeqPY-r0UvrRErY,tibs2,505,I,283,271,TRUE,FALSE,FALSE
SVKawp1Pce3HoTZq5rfMgDg5JxJdz1Y5_zEzT8HH4AqFHv0,rege,598,I,141,129,TRUE,FALSE,FALSE
HYdr7Z_dfpWIaYvJTZAryTpYuKL2XU3lNpuoUPLNyPnPnial1EVnj9j62w,Botlane Angel,646,I,243,211,FALSE,FALSE,FALSE
sorP_kzv38I-Xx4tJp8NUo0BDxHaX418AuYZz0GvUk2dc_A,Jido,675,I,295,270,FALSE,FALSE,FALSE
rmXUd-tbPGGZaljwSuXRY7-QDBd27GU1TallOTTMmMojH18,GodBranQc27,515,I,252,239,TRUE,FALSE,FALSE
Zg_eRa5sniDp5Ycc0icXp0-FmRYWQ2qzvOtx3s8eNkNZvRaS,ﬁst,653,I,191,141,TRUE,FALSE,FALSE
anNw5IQhaLvCUc_s3-0ylfr8mVZF3gFXJVPKB_wmgL2Wq0E,AoJune,500,I,710,690,FALSE,FALSE,TRUE
Xjkmi0SiJbQ8TbCcNQLN48BR7ba_I4vHDjvIHSzLRajAclMg,MerlehX,500,I,356,268,TRUE,FALSE,FALSE
4ehC661LUPOdARsZnGcrKPcMllJMLP5oa0kCrj2ydB2bI3o,sniffuM,491,I,485,448,FALSE,FALSE,TRUE
yWbe8BTUgGwHnaNXWpq8gAhHouRduTwwMvmzTA3OecD_2kc,bsavvage,486,I,570,552,FALSE,FALSE,TRUE
BO8UktKsjzGf8D-QvZLpG-V07VS8JNUJH0i21ipt_Kk_yHQKN1gfPxeLzw,nhozcrazy78,608,I,235,200,FALSE,FALSE,FALSE
JbRAe7MSDNuNEESSbhGt_R9BVnWRdHgjwMTP4Z5LEDadLOY,Wunderer,624,I,359,331,FALSE,FALSE,FALSE
m4szZrCMnmW1eLhT7R6bN9OBTk-dMG1IhF1kezhJQKFmShBg036zCAn62w,Her Ruined King,539,I,161,137,FALSE,FALSE,FALSE
tus9pvPdtn8oFBy5pg-uF_iVcMz9rYOhqW5TZsKVQnjFHLQ,Cendi,650,I,243,216,TRUE,FALSE,FALSE
mJbLKfO4bgGByJytIDdW9agDuB2Xk7MXBc7_P3nirzpTSEJG,WX biezhuawobaba,765,I,197,144,FALSE,FALSE,FALSE
igG4rth1uFpm5gX_m1C4wgl50SJf2WPjhTB3hbtfG_FSwLE,ChocolateBun,691,I,502,476,FALSE,FALSE,FALSE
uq9hiLrvLirGKT44TeFq-9jKAsJb2yL4g-pEJL-vt24OtqjR,Km1er,716,I,304,239,FALSE,FALSE,FALSE
ZMUe2-Cg7Dpzav2_N3L-xLyVycxAB1J6BUhBdU8wAxIYBfo,blaberfish2,587,I,147,121,FALSE,FALSE,TRUE
ExJCpLtAeoqXjeKq-blKGQfHrk6Wo_uNOlZxzTXFvp6C0As,nathan we miss u,674,I,451,424,TRUE,FALSE,FALSE
SI4ek2jNsA8P4ELbhclbt1DZz7Y-RjPgjklyFW9mzGcocYA,happyheart,767,I,154,126,TRUE,FALSE,FALSE
ku8Ln8glHP8KyeRPAygDxl5TJx6WBlXGj1pIz5VL8m5lC2Q,C9 JLand,651,I,236,203,FALSE,FALSE,FALSE
GnC33KPWUrfa8bGHTCcLd7xYLc357gEI_xg8JjucZkFNKBs,Sleepy LL,817,I,182,132,FALSE,FALSE,FALSE
dEqjNPbtE3XOYn3JsKNm54vJADclFruYeYWWnPh-ZgiC59o,Reppy,469,I,407,386,FALSE,FALSE,FALSE
RBDEgkWFPDN33Td1pZTKynv4Zkd9hEtGqOLPVMvr4Fg3A2I,TLHonda Bjergsen,542,I,161,140,FALSE,FALSE,FALSE
bCobq3O0GHxk47sBMA8Rt84WvdND-ZgBLQLMlK68VPBR3yE,Proxy then Feed,771,I,384,343,FALSE,FALSE,FALSE
V-ju-EiHyi8AB5N7vYxISz8MbV9P4zimlX6dhlbEK1qbhXs,Lacíe,516,I,219,183,FALSE,FALSE,FALSE
9IeAJwunVEkAo8I8z1wYuELKcV-YvejztLHe85U2dGucAE8,míni,778,I,126,111,TRUE,FALSE,FALSE
bdqKNZAHxJVXP5jmEec1XSuxno6lbP17VHYs-O1_TIVzPrk,DARK WlNGS,830,I,198,167,FALSE,FALSE,FALSE
6LGQp4aXkZrgKkb0So8reRLIIMUnzFtoTvrlgzxx0p17nKo,Options,798,I,153,120,FALSE,FALSE,TRUE
WW4lLVYcf3HI83mH10iHMx3hTy_b6HW_hO71I-QFl_0WqkE,Nasteey,823,I,171,132,FALSE,FALSE,TRUE
dFWeLdrMUbuQClSxfUAV5M6HL_2RO8EvDMrausJBAwNsqIHtIzh5ei_vmA,FLY Twoballs,704,I,218,197,FALSE,FALSE,FALSE
u16SY8aNTHCqgU0j61Rc8H2ucjjGUgg6BJHjzF6zXTQvNUdl_3tgJdYFTQ,midkingzzz,837,I,420,391,TRUE,FALSE,FALSE
YoxBl7TlUXqcRlqepmvkoxkIfqxwIA8Wqh5BmMHQYA-cYfY,선혈의추억,645,I,149,104,TRUE,FALSE,FALSE
VWe8HTn3I3baAe6nut0QftUdO7M6j2klts5jt6f2b3jAadI,ArekXander,756,I,291,255,TRUE,FALSE,FALSE
WMqtm6HDdhgFYd-E_3DqDma251RFzF59x3Fc_8-dGXs8GyA,Hatsune Neeko,635,I,292,225,FALSE,FALSE,FALSE
HzqPmIXRVaKOqhY-15jb64HDlYbB1qXLrpKk17tYMhVK_cQ,duong pro,603,I,204,180,TRUE,FALSE,FALSE
Cyzyd02ZWFM5RocKXqcOu9yv25ryw7G_v2cMKhpnZiGqbeg,Yoshi,622,I,203,184,TRUE,FALSE,FALSE
fA2GIp8iwPEmOdYrjZYdwoyZ1GK5XIJCcFXfpNqsULPZPvM,Swkeeee,751,I,326,303,FALSE,FALSE,TRUE
SyeHveNRVvlbZucELR7kwFf1U0E1Di71ayD8TLgUitvLqjig,SSSean,810,I,304,278,FALSE,FALSE,TRUE
kdqX3u5_LG1eTK7g4N_qJwKU6t4tDapvcsmtEuamS8cD3wiVjvcMXGhC4A,500 Tooth Dino,488,I,214,186,FALSE,FALSE,TRUE
roIdyeg9Qp34dclc-OlFh60yIYuo8qxtwhlInuS3YSlFJoE,Sheiden,796,I,227,166,FALSE,FALSE,FALSE
WDtxvcsB5bu4Mg6CiNSyqlywZ-PjzycFTSC4jbsprSCXD3I,Emo Y,499,I,157,130,FALSE,FALSE,FALSE
R8BBHgA51Z1RYQZCawGQ8MjUpMeRzdkEOgRkQYz2ng5cIQYP5gENUXM4gA,Theory of Gods,459,I,133,90,FALSE,FALSE,TRUE
CVLVhoZSz8RcUswIBv6-aYHjmTJ5ZOn2edWOoh3MM3LsaiPM,Haboper,552,I,107,74,TRUE,FALSE,FALSE
BfgaLSJedsCEKNihjD7PLJ13-F4AtX95UhEgYU9AzQYRHTM,Caesar Gattuso,758,I,162,127,FALSE,FALSE,FALSE
YdTi_pHUUK6ewH5exM82e224vtN0cV99abGu_k25Jo5KTfY,Theworldisunfair,598,I,156,126,FALSE,FALSE,FALSE
Ckwit-afYzuSCOc0PwGeUB8woyNRePVYpIWKgWJ7fAVfa_1r,qad,724,I,248,243,FALSE,FALSE,FALSE
3zbhcSQY2nNkrDV_EqIUtZ3BHEadjwfKUMcYVGCAib1TezWj,lllIIIIIIlll,615,I,327,289,TRUE,FALSE,FALSE
rfoKYnEroTZEtz5tO75hsLsU5AG2iEbMNu5pQC4kywY2dlMmCuzB0qZioQ,bmfx2,811,I,120,90,TRUE,FALSE,FALSE
RS1tsHH70MNgazCbCnO8M4P_bBQaqlj5QDs64WzvEa7DsfrC,TwTv Meloneasy,566,I,132,107,FALSE,FALSE,FALSE
jLuHrUc1IKgfwQLhmnhlUC5e2ipM-MGxLzFFodkGibGYIdg,PENGUIN L,611,I,205,168,FALSE,FALSE,FALSE
DsCorr_X0HghonRl-iT8k1ttPjR2sRoHU1CpHlnlI6125SMpEC9ydgubNw,wx PWDL1234,805,I,149,95,FALSE,FALSE,TRUE
sHDUWsOiKNS1GZFDCEy31ut8PsEYforIjO7m0JtTgoWgu1JIHj4cFId5Xg,chachlng,684,I,86,58,FALSE,FALSE,FALSE
rKg8P1xIRXAXVs0uPRp9yHshzwSHLaASHu91FgC-RhHtBVA,NIKJOJO,506,I,634,619,FALSE,FALSE,TRUE
68836qCS_uQVvKZZTNKXcVWys--kBUDkYcA2Lg_Cvlkl1DQMweGW7Jb4bA,MUYANGREN,455,I,221,170,FALSE,FALSE,TRUE
PTOtiFJ5oLZqjEgnOQlKiXFiYMStR_q4a9zE3zk_SFn8Hb8,dfxbchn 78gouyh,473,I,576,544,FALSE,FALSE,TRUE
cr4EUixmqusKadrdgVw3OBEbb9U9d1cv5fo3zTwvjz358Uo,Lucina,539,I,130,97,FALSE,FALSE,FALSE
MZm9BWq8LkI_a5TaypEkzwPVatP4_5FmED8QdM85JE50sFKT,fiufiu,777,I,272,242,FALSE,FALSE,FALSE
LgzaHmmBhlIy_OSxJFaY-8sF3fgvMwA-EkgpTm9CtRnPyVY,The Chaka,745,I,487,415,TRUE,FALSE,FALSE
nRF1Eu3bTEFxxjK8mrPbej-LuSw5mIffQLdrsOiRQmCXNLs,Mel You Jie Kou,634,I,381,349,FALSE,FALSE,FALSE
C9mVjj3SBuZ-0sWoxO_h1UudYldwu81V_TeyNhCXcgXKnFo,is my,559,I,224,189,FALSE,FALSE,TRUE
5XHIGgPiq3Rsn5WSP7oVDKBr8qdfj8FkdC4iYq_iFw34qw0,Sabiñ,530,I,360,341,TRUE,FALSE,FALSE
FLDp_YoZJ5mzOPLclpou2238TZBI08uRl7tUxkYJ5tPvumR6nNZud4BJ2Q,P1ng,765,I,216,220,FALSE,FALSE,FALSE
VsjUnFKjI7qJUfAG6k31M8Q_TY2j1j4QXFCiswQqQcmnWpo,Lyteskin,581,I,431,416,FALSE,FALSE,FALSE
wSvB9MKS1Kw2aEmwwSDWsGi_FSqn3qmUhR8A70TlCnwyvVKw,Wekin Poof,514,I,186,172,FALSE,FALSE,FALSE
ogXRxe-eBD0kkCOEZa4aMccJqc2FEUNGuw_UbadSKzfWVas,beben,788,I,600,571,FALSE,FALSE,FALSE
TBOG1KqhNdrGQcfQXCptfP2OQ2fopQgK9rM7xac5bAw-Ufo,mumu,490,I,323,295,FALSE,FALSE,TRUE
REFHR07sFZW7jTiA5hzARH1axyHYZEMFvRnHYzyXVuvsHXaMtnXDEBaa3A,Pai Pai Tou,527,I,168,153,FALSE,FALSE,FALSE
FYG6pLMvf1iLEdlQDvF-3jhXdDCsKZdi4EdNTeL0OiWcgDI,JugTTV,544,I,241,225,FALSE,FALSE,FALSE
EqSykm__t1oV49FkK2I29q_PNY-Q3A5VjAW37822OsY9fuo,SebTheJoker,829,I,191,143,FALSE,FALSE,TRUE
Yk6YbS1Qr7n3zO294j8vN9S-YruCqYzulMiOxQ2_VkZTl9Z5,sμnny,748,I,396,374,FALSE,FALSE,FALSE
KiBZMEIiivONIu_jU72YdhEfqwig_RRuvgMeTTbMTe2s9DM,slogan1,605,I,268,240,FALSE,FALSE,TRUE
ULFLWXUjFg1tXGdZ4aUgBXrRYI56RYclK_9RLIjqluYXB0Y,White Snow,541,I,462,445,TRUE,FALSE,FALSE
xdw6lvux5hafPOJd6l_a9Oo5YyE5kPsD_3OCFDbf8LOP5nc,bryan3838,510,I,255,234,FALSE,FALSE,TRUE
eTj7_zpnb_wL8wIud5zp-yJLm2pAo-vz0Fg_jwj8GlQIoSau7SBSGa_pNA,100 Lens,583,I,378,332,FALSE,FALSE,FALSE
y1asUf9uPC44pwXEB93IWqE7zm6EiGZOeVd-naQISNarFPw,Darksune,657,I,383,333,TRUE,FALSE,FALSE
SDvKKc9XxUhgr2u43qw2eNEToCJ-BcBlGjtm8TUQ2ce5j-MoZaRlsffS1w,Xavier D Monster,761,I,162,128,FALSE,FALSE,FALSE
hS3V0cZQS04uzEbNOKpAJRN5h_il_K_jUUltAUEO5W88RHAp,nxi,481,I,375,362,TRUE,FALSE,FALSE
YWXWptL5pQghTlGK8EUU_gkB2G80iA8KiZnD18KQ4doLRoI,zi du,586,I,95,85,FALSE,FALSE,FALSE
DBIYmsDj9bqFC1H8KaXHdOYrjZKy9d1is0tb2ZzJ5UQm6Mk,Dwye,487,I,420,383,FALSE,FALSE,TRUE
35Okcgk7FqFy5pNgm_m56Y-ApH0mLUbeWcolCmDg6QnCWODY,Outstep,524,I,141,128,FALSE,FALSE,TRUE
2Dgo6s9lcG4ThX9CFzNE23r26w1b3MKA3HoafBwbX9HO0bjBIPWHsbjyrg,Scarface,784,I,68,36,FALSE,FALSE,FALSE
qFpFfbhpYGRpc_RmuPyNw0Du7En8l-2G82M4AsuLEjjoBzc,Jaze,528,I,420,391,FALSE,FALSE,TRUE
vwKET_FTpXIb2EM8u3OLUuxsYw50w4oohhjQrecRk7PffMBl,iPwDinah,487,I,309,284,FALSE,FALSE,TRUE
b1sGqDDBJL8WM5xCAX00_b9Td9_23GSp_5dEMq3Fp5SWs0U,Ralyk,620,I,216,193,FALSE,FALSE,FALSE
qLyDBIr1PM_0pvV8TfFveNsjm0LJ2ej3NQ47Cb6dZU-rL3hU,melke,815,I,687,651,TRUE,FALSE,FALSE
c5EaXO6lw5HtBdAfwST7_yMEueYYPXaEulx9cTrKThMP8F0,I LUV U SENPAI,785,I,207,118,FALSE,FALSE,FALSE
p1uGa0YFGyBMm_pc6m6bbQbRJvI0glxtTRKQZlpiczYRbBM,kejwhkhkk,718,I,255,235,FALSE,FALSE,FALSE
2FCrziNtqiy01KhpQs7BL00P2KTDBJpsAoypuUJdjgfeZ08,Cinnamon Bread,758,I,298,262,FALSE,FALSE,FALSE
gf_Gh9mVi96IGQw7VvvE2OWApDdKcQ_PgT4UoK8MeqL3tLIH,LaningArt,605,I,155,152,FALSE,FALSE,FALSE
VzXgUBJUt3Kd5VhwwjM3aQDrFIXyeHpsA4BEgZ_3G_tJzYw,Daesper,590,I,297,270,FALSE,FALSE,FALSE
ZyhIzgNPoxhqz86q0JBupRUXfIJ7-uLgtcEgnMesieVJfizX,1998 12 31,480,I,87,84,FALSE,FALSE,TRUE
e7OfUKTwAnr9LWzT2-g_69euiNvfiNTmD-EwrkXHBntHJGM,C9 Avril,563,I,734,714,FALSE,FALSE,TRUE
uykUtapSG9EekXwIvFDpIEyczk9ueC6RjKNKwLxoorn9fao,Lojaz,607,I,160,127,FALSE,FALSE,FALSE
wsYIT0nxgFrvLtApqT1yqG0Ca59yMdbGjZjgzyDkCUvfC84,Trieuloo,609,I,660,645,FALSE,FALSE,TRUE
j5Gz1rWUWvGOTnW8Q1AidOuBQMwyrl-wDFUPkJ5TIvypnNU,Finkypop,486,I,334,292,FALSE,FALSE,TRUE
QpWfvny37Nigb6IRGqhHhBLZi46_LN0luqlDMnNuv0pK3YY,big slimy okra,591,I,114,88,FALSE,FALSE,FALSE
nA4DKbYdTyKMgZ6OsgvzIVU0TPhZDN8fIO7ZFQezup4DnEDX,bielaifanwo,605,I,145,140,FALSE,FALSE,FALSE
bMf7rGQqaVqEcnxtA4akrC_sJ1SpeQpQupiostd0W2OzxC0,Taco,597,I,92,64,FALSE,FALSE,FALSE
50ERco9PW0kJ4fgw3VbwL4czOwI5Rm-qZoyWqph273FcbxI_aLWMK7Eqng,Kotaro123,548,I,120,86,FALSE,FALSE,FALSE
Vuu7F3bVaiZGG8CdVLjqALG1bPCRqS-JJoV0u4ATdmX1dqE,ćam,740,I,495,469,FALSE,FALSE,TRUE
uI0A55gLnb3h6F6RVrIq4iATFrBzGuPg84RLQRvQ2ijmM7zf,IM IN PAIN HELP,679,I,997,964,FALSE,FALSE,TRUE
129lVqJ-L9TkU4IcXQ5-hUdgqOD9eWMaohipW0JslkdKUw4X,TwitterManiac1v9,498,I,325,263,FALSE,FALSE,TRUE
wKPQY6uZ4i0x4XM6WAYexEvM_UFLkWflwjT-VEpGobwwSZo,wickJKR,483,I,281,256,FALSE,FALSE,TRUE
9P5S_J8OZH4EuXJQo1YOavrNI3HnFwVpj5_oZL3dTLPRDoY,destiny9,707,I,207,182,FALSE,FALSE,FALSE
eIF3N5DLoY71_v_dlV349LVmophbDVmPmZSgd2Xtxjv6vcQ,Lil Ocean,744,I,180,147,FALSE,FALSE,FALSE
fRCdRhYKGO3WCqKmriZOHsYM8vvJQabGFXFmLjxP5hx_2qw,A1C Masterby,834,I,211,169,FALSE,FALSE,TRUE
z0a-4FfR_c4f1j6EwNM-MAAsdtQ57PYcCzUEKNxjSDhcPlWh9AKWQqjKFA,Sisyphus9,522,I,394,372,FALSE,FALSE,TRUE
Q5lJWRYCn-6dY7i4CC-oKCQvEdLG9hPeUMT7JRKWHGvBks0,Detention,482,I,299,288,FALSE,FALSE,TRUE
1jqvuEez5XA2jeRRDpusC-8Vnt6A1Ik6pVLsEJmtQj0YdzU,Duude,759,I,272,229,FALSE,FALSE,FALSE
5GC9Qxiy4UIWEfLWnvw_6DTxQSCjFORkAZIxmL3j_H8_EDc,ßonsoir,632,I,208,176,FALSE,FALSE,FALSE
Vf3Fn54figm9d1ne9D78jwPx15MHsjJFcLl-DiLel-rALog,Rhaastafarian,520,I,583,566,FALSE,FALSE,FALSE
KzUF5BR_8mC7d1nIf_dsT0O2eCcs7zw01E_gqgQUWGVTcPYv,DPM,745,I,245,225,TRUE,FALSE,FALSE
3N4wYcnRY6moD98YzoHptDpQyC_1os0Jwa_-FMBGMP-6W18,Gyshy,498,I,512,491,FALSE,FALSE,FALSE
iZuL2e8xxQkN3I-yhjKX_rztH1ouafCs_VXg8-g-Fv96yRg,Røøse,522,I,277,230,FALSE,FALSE,FALSE
KGaKBnEoU8uYrzkZ8TmsRc5MBxTRPw50OReP8sZ9_NknuOg,hoidro,729,I,277,257,FALSE,FALSE,FALSE
K-ksygCZVDGL2xfFd1hgJUSAIi26J8PUa9vBHfqYAqlYBSU,Bellow,632,I,260,247,TRUE,FALSE,FALSE
apMYycHdFksvZPM44bcoIuXRvf9LjbhsF0CctoqIErNQXms,Loracia,591,I,109,85,FALSE,FALSE,FALSE
Mss89SXxInyh7j_1c3dF9XsJx7QG0O73V0RfTEyd-I77uRcjKINf8DbzLg,Paradise Valley,739,I,309,254,FALSE,FALSE,FALSE
D72B8ScW36Cem2o4mQlacAzZc9lUjtEup7x7_juzXjorpdo,Dime,494,I,1474,1447,FALSE,FALSE,TRUE
SpHhgrHxQtcJ6Ccscagp89TBPMn0yWrMH3HNatcMdXx9ORw,Mimage,484,I,462,452,FALSE,FALSE,TRUE
0S0FDBxfWcJoz1kkmPSUJEhfzf48piFmHtuKF6gSOwbLpwJYIbqCYmKyEw,FLY Johnsun,800,I,300,245,FALSE,FALSE,FALSE
tzno0BVZfBS0mXWL-IMahXXDoCRY4FwdVmcML5SfJNaCwQU,Healys,775,I,176,142,FALSE,FALSE,FALSE
nbmmPfbwDbXEylkk_oq0Lak9-wALVe9UIE-hDsHjGp6vC20,Shaco,761,I,212,176,FALSE,FALSE,FALSE
4ikIi7tNHCBb9kJzKQZOmNmnMHtEwtr7p1uxprLT-337CR0,KuddlyKraken,541,I,381,345,TRUE,FALSE,FALSE
8yZnyjaCVZyuoYSEbzQ0pfLdIkJBDTV_xnGZKnAJGiiquAg,Kailhua,573,I,217,194,FALSE,FALSE,FALSE
3XdZBreO9NmA69BMa5aOlL_fed_fgh7jBY72s5-ES6kxYYIx_xLT9oq59A,LMFAOOOOOOOOOOO,519,I,456,444,FALSE,FALSE,TRUE
2v7Xccd6Qu9VF7R4Oi5-dkdPvwty_IMINhYkq5t9k-LwRtRZ,JIMKROGER35,483,I,202,152,FALSE,FALSE,FALSE
rRdHJpr4dkWm8u8vP1PyUslrMpShgrwoBF0cmE0z_vOJlms,MEECHOL,820,I,192,154,FALSE,FALSE,TRUE
YbAXNSX9DWVNcLhTNkdxuPd7nDGUqQbQcOEnzXsKQ2IAIQU,Guifei,619,I,427,385,TRUE,FALSE,FALSE
uXbOmLQjQzWQSebyXJEbIhGM0TfKsVZItvWicogxzhGWPAI,RoughBeanz,557,I,165,143,TRUE,FALSE,FALSE
F85HxjV_bXAsLgnLKz8NY0Yq7TzUhQsTNTImZXl2n2c9q-Y,Leancuisine13,837,I,656,620,FALSE,FALSE,TRUE
vZ8jkjnUOtwEf5nSHyAqtj9eASfHOk_wYvzF-O4-HltVlDY,Rosesrmine,586,I,146,101,FALSE,FALSE,FALSE
rm7kkj7q4A1NQ1upYBov-sDQmrKnVmuirXX51zhstXXN-MC4,elise scales,797,I,537,505,FALSE,FALSE,FALSE
iqRuoYN1ss2EGCUx_SB6LHZXta4JGw82n6aeKk4TFAF_F2Y,Jouzef,583,I,80,58,FALSE,FALSE,FALSE
z-gPuBHuokQTmAxE8tJe-HTVWdpEB1zABYMcUORAekb-ReLyCYEYC5r_Uw,Phoinix,820,I,171,139,FALSE,FALSE,FALSE
IYWnc6vE01GFui_UR7CwQX4R7juw4cb5Qv3B54gEwWOU2UZNVEKaDk3rJg,IIIlIIIIIlIlIIll,578,I,115,82,FALSE,FALSE,TRUE
AWZs757rpFgqlm4RhS7j-tvC-ee9k-I57ESbAZzoEVAgRdI,Hello google,552,I,177,156,FALSE,FALSE,FALSE
5LKWRfrRctv2qtJq4WDR_yI6quadsCa8O2Zc9TpeWs10jRs,YeYezhou,513,I,206,183,FALSE,FALSE,FALSE
zVdVIY2gVpFWWh_AQz4wVMFgxDANTFeUoAB0-CsuUNHejI8,A bag of Salt,481,I,109,100,FALSE,FALSE,TRUE
rUVto-345_ZwwBlz4WfQpZGxJxysEKWkzc-TdNujRTzGCz9XuKL9EUOdqg,Adarladorri,859,I,154,87,FALSE,FALSE,TRUE
SxDYulAPOTbfw6HHfSrTMex-LRYArj14rrW2DWzrDHGCi4k,Blueyoshi6,629,I,811,784,FALSE,FALSE,FALSE
_38jDuxvbS8bmV0ONVWUCXK2UkH6yWm-4vk4vzPQarz8228,coldcoldcoldcold,588,I,420,401,TRUE,FALSE,FALSE
Qypviq5tUFX-ej8FyoICvYsF2dnvk1z43iCsPJWIZ7VP_AU,The Guy Ga Kill,634,I,206,169,FALSE,FALSE,FALSE
UttoBQ8ca0ylVT5kUnQvzut90cYH0-EvKI90SriOZnyLOgnmDPbJKh9qlQ,Cafarelli,522,I,97,60,FALSE,FALSE,TRUE
EMIL3sbramN2vinqDnqVWc45HpnmDDrWaj4cZmVN-PCgDmq1iRgBCzao2g,COOKIEMONSTER123,513,I,909,870,TRUE,FALSE,FALSE
fU3RS--XSPkCrf_NhYk_XwFUJ8rzIC8dNb-7TAsrQ52pBJEu,J4NNA,542,I,190,168,FALSE,FALSE,TRUE
ufcD-5AvPZIhfBECATnJW4OFLXJ4XAnseBiG0Z7kJHQ3znU,100 Fanatiik,704,I,129,97,FALSE,FALSE,FALSE
2paMy6GqhCT3UxRtt7U_2L2m9xWyuij0fZCTEMtLv1TZzgg,Luciferium,620,I,503,452,FALSE,FALSE,FALSE
0_BjRw5r8Jg99fFXlHeWJXliXD-6tGUNixygjkBH4XSpmqs,Zev,672,I,258,233,TRUE,FALSE,FALSE
h8-p2-YLs0qdzGjwHWkGH95eoUyFuuROFvmuZ17PN4wM6lQ,Jokou,451,I,271,254,FALSE,FALSE,TRUE
szfVKa-vZmx1soVzdXQbI9Z0vUqr0zKDYr3ZsouYpVoz_wg,Jukesain,493,I,296,275,FALSE,FALSE,TRUE
0Us_7gdD8Nj_U8DwKDYQ_nBAShjp5SFIKRk7IMI8WxzX0CM,Mabud,709,I,197,166,FALSE,FALSE,FALSE
IU1TQLXwq1_IpXGna2eT8mTqfhhA7B08I2rEwivlckhGCsI,TTV LegitKorea,573,I,238,225,FALSE,FALSE,FALSE
80Ay8Y2iaoXxXFath8wdjym52J1-UL-BuGnv1vmVuJC_G0c,Mańgo,479,I,89,70,FALSE,FALSE,TRUE
l5OSYUtXA-6sjHfYiI0T4NkOTs2tjClEfuqNNkclSwIL3Nts,Inumerable,763,I,816,780,FALSE,FALSE,TRUE
XJ05RJ5SDuNN7SuL4Vb_NORbTiU6vJ4g6ebRr3e4XA9jK50,TimJG,700,I,324,290,TRUE,FALSE,FALSE
nMzVN_9iaTvZp_vkg_7QCuRIOFGHF104ObW_D57cFQYZ8bg,Cpryus,622,I,326,300,FALSE,FALSE,FALSE
y-DjE90oGAMnJm09OpKA8OS40tMYS2F0kolR7RzTm-Qicto,insung,565,I,454,414,FALSE,FALSE,FALSE
IL1KlzLemrqh-ZIMaAxKQdc3WeXtWXbc5iIvWfQAL2lcSwY,Nvhai,798,I,345,300,TRUE,FALSE,FALSE
eSZQx51FiFXUy7pioTTCxKuFHYf-BEkgtSZC1QoIgKPJxyM,NanChangGodE,722,I,406,370,TRUE,FALSE,FALSE
8DJB2jbJyvlySYEp9zc_OrqcZjPuaVHjgTTDig29WZ4OM7Y,aristootle,816,I,220,176,FALSE,FALSE,TRUE
0TCLbn7thAsELx9jT6-fndJNfLDDZpKiB6ToZZLr08A2asyn,Eating777,487,I,285,263,FALSE,FALSE,FALSE
hC2ozBFMvCPAGVTwaKuv5h7BRoZUpj_F1DXU3VzpIgBveiA,neeko sex king,693,I,168,146,TRUE,FALSE,FALSE
2Ar-KyhKCqgyiIBDPXtE2baffrZj9rtCG9CuDJE6xYtruqU,Cowfan,510,I,173,146,FALSE,FALSE,FALSE
hw5sM3m-Kr96ZMsw4b0YzM5PS5BSRhLtVFI3CWPiD43Rjfg,wozaidiwuceng1,529,I,193,131,FALSE,FALSE,FALSE
1VsE8F6nmgJdCRq_brPV42po3UKiA2Pbbyxh61vbUyy-m8k,My Idol Jennie K,773,I,317,291,FALSE,FALSE,FALSE
s1wkgsWGMD8-OdUYBUyGkQbS_Bmm58OYaGmlMHclvd2iQw0,twtv lolvietcong,594,I,191,157,TRUE,FALSE,FALSE
RRFXcI2E7s-atYl54-55_uQhXIAia9sBlFzivdEJ_7JEC2o,Meøø,604,I,335,296,FALSE,FALSE,TRUE
qx3C7AzIPcem2drhPNC1NYlshXbgrrYuxl-Ql21hONX_O-A,Fragas,571,I,262,237,TRUE,FALSE,FALSE
yAvDItfe8CMDYAbVeyYAV4RKlQPujXIuRvUFfI_yLpsj820,Dackie,746,I,421,387,FALSE,FALSE,FALSE
Gt4LP7JUOj9tA-kjoLsSTOi_tA2uI3oTZVn8XXeuHqbiJ14,IN0RI,832,I,392,359,FALSE,FALSE,FALSE
MwMalUa_nRM0MB33gp1unZCXob7lSoLbI8-O9T_qlZpvhtQ,Dandelion Yi,533,I,475,459,FALSE,FALSE,FALSE
ewTbSTYHqUACYve-f-p5yG_9pMC9269s6pPywBp4rnaua8Y,BL00D rush,550,I,248,216,FALSE,FALSE,FALSE
4v38t0TOs4g_AUiaAf4u8xnGcYsFQCEMkLcBbxsdX50D6CyjFtyascLBmA,play for lane,757,I,172,143,FALSE,FALSE,FALSE
lM5ZuOwqYCrwxCdjyTE6saXuwYDW14jQqEnMIRodAdr4JwsaVau0PSIeMw,Pommet,603,I,193,172,TRUE,FALSE,FALSE
Lyy6xsihO-_rRyaLeLaRT60cTWD9nCBeqO3CL757xMtFYCw,ttv Bupropion XL,493,I,290,280,FALSE,FALSE,TRUE
huMr7BCLSARTIQ7MIggwMF4jZvP0i2Yu7jZroXzawnD2-fc,RivenREDEEMED123,581,I,174,123,FALSE,FALSE,FALSE
_7Fryq6utQPF2gfcTptuc-AZsJ8vfhoN4wEgLXkUxIVaF7g,Rahman Noodles,660,I,367,340,TRUE,FALSE,FALSE
N0wJABWbGvn7yq1kbYJaLkAGlI0stFHTDTISRa3RWFbnweE,Nimdle,724,I,219,189,FALSE,FALSE,FALSE
49-ZXPmnuG2m3EaFCJ8ogmAhN3nVxrRsnOkKv1tY4mE-g0I,LowKeySavagé,571,I,207,191,FALSE,FALSE,FALSE
dhlIDbgGqbqnxxF6YrGwPj1-Wy9NlteFysgsQjhu0lB7Jw0,Memorìes,578,I,242,219,TRUE,FALSE,FALSE
HFem9zuWUJFwWKUvPn2rGpj_Vcjb1PDG_1Uel1SrqeK3lzScJSSXLB8GZw,Pomerzz Dongerzz,550,I,545,527,FALSE,FALSE,TRUE
fewpqbNXztdy4bXTQ_hrl4x5iFncaoSk5jzl2KvbL4kkK4Xk,ff pIz,718,I,104,91,FALSE,FALSE,FALSE
ydA3mzssdzxM_BuRZc6lGaCl6JsBSE1FlurCicoi3aFSQSM,Cytheur,709,I,764,737,FALSE,FALSE,TRUE
81PpPi4UiJyw_3VZfR4kCsYApcpDVwL0BrhQlISFvmm9x4jyBQjp2vU6kg,Łove Ÿj,550,I,187,158,FALSE,FALSE,FALSE
NMN9m1CNlHRr5bhQE36mwocuzmg7170FQdzkoe0c4M0sius,L Bae,675,I,139,110,TRUE,FALSE,FALSE
-9RKrgE5sGAsIOsTBVPjsM_Auf9fo1wEZhDfDIh6cJgRN0E,buster131,775,I,323,287,TRUE,FALSE,FALSE
JHsDidiJm-lRMB0Sqoohp9zNL6QJGwj0bW5uReVkon2L_gE,VaI Lover,720,I,218,190,FALSE,FALSE,FALSE
c6fLS9-V0OIihMH2KwvbtWOkKgZoUY-AzazCDShVnd-Bn1g,atmost,504,I,456,438,FALSE,FALSE,FALSE
HNhWeWU4QJ34jckIRpK4JSKUHEHydvk1WxRoww93QBq63W8,Zìkz,645,I,128,101,FALSE,FALSE,TRUE
6ZOEIO5V4fciNSNA82dPo7oo2dePGfQDZkBOa2ekmwd67KA,Quan Ti Ql Li,572,I,270,250,TRUE,FALSE,FALSE
LvBNO8u2QPOdAWx7mQu0jfk2J95qM1R4te_LdAI53QiKxdQ,Decøy,622,I,698,683,FALSE,FALSE,FALSE
v4OOjJTAWRljtO827crLuQYGBdniyQ472mNKjZDTZNhF6ik,UCI duong pro,635,I,226,196,FALSE,FALSE,FALSE
zkygnlt8IBkkJhpqsesSHuScyjOOBpo7URAlHskPIhG8U_zn,400 DEMONS,610,I,82,66,FALSE,FALSE,FALSE
d7siCsDz9zF0-YVlBHIOXVDjkw0dDPZIvpFFTEyugn6czxC569AACBuE-Q,Ã Ã,825,I,102,78,FALSE,FALSE,FALSE
TjckcikyQLJtspHPszbKkl4bc7rlkdfOSWQ-6yzBFRKlncg,Minishcap1,673,I,142,120,FALSE,FALSE,FALSE
pCcyJSyfWhSRz0nQW6h4zIn0886QgLn_7dk9mlrV6xyJ10Q,Strompest,596,I,308,296,FALSE,FALSE,TRUE
HlqbZt19dyLa1Ytr6YWdoFQ3wzvHia4q7_gRkhuEJxpUttQ,cold brew love,580,I,430,398,FALSE,FALSE,FALSE
s_7RLwazNDW9lvWr1VD9hOH6AbqpwbuptjBcnhUyJdpfW7M,Felfire,665,I,120,95,FALSE,FALSE,FALSE
sgxCfuKpG__Cwrrfp3lqXliZKGz6lEysQT91zlX4aFP-XNs,DeductedCarlos,492,I,177,154,FALSE,FALSE,TRUE
S3hUBt3EZ2nkEaBrYdKUtNJoPxPAXhnk350aDp4Xay_cy-g,roguebunny0,628,I,554,531,TRUE,FALSE,FALSE
yEGO-E9CK7TWuXz7b_5GYN9f3Nn2lXckKqq9ZnalXYmoi79AWK8sDnONug,Najib Waheed,812,I,104,71,FALSE,FALSE,FALSE
bF4_RwOTON2I5c96SFKmpIr9O5vI93egwiXmC1_6yqDp_VA,xXpAnDaTuRbO45xX,518,I,309,302,TRUE,FALSE,FALSE
MSP5NQ5jBGty0HPb8VoltBVw_Bd6hpybnShTm297KdIfsXQ,Dual,680,I,614,587,TRUE,FALSE,FALSE
_fw6z9_TGAyaztjHFDOPVuyRoaZIw2bPOJHlCEljka9o7W4,YoungestLe,507,I,306,285,FALSE,FALSE,FALSE
yoDsIHGbTjQSPx-BLh5CVc3vLuCl5ml0iQOq-Nftn0pO1Gs,benadams202,548,I,100,71,FALSE,FALSE,FALSE
YqNA266l4WjYda3sK8gYGOJDC62Ozj53ZgUDWktMzjJFaWc,Pockus,818,I,457,434,FALSE,FALSE,TRUE
m5_cc0TJbhDUP4miBQFrzTQ3pbHqt87W_QAy-xEk9C6Xh-DM,Asparagus27,482,I,292,248,TRUE,FALSE,FALSE
